total_numarts,first_sourceurl,title,text,themes,locations,persons,organizations
101,http://www.chinadaily.com.cn/www.chinadaily.com.cn/a/202408/13/WS66ba9d15a3104e74fddb99ec.html,Connecting China Connecting the World,"Sorry, the page you requested was not found.

Please check the URL for proper spelling and capitalization. If you're having trouble locating a destination on Chinadaily.com.cn, try visiting the Chinadaily home page

Copyright 1995 - . All rights reserved. The content (including but not limited to text, photo, multimedia information, etc) published in this site belongs to China Daily Information Co (CDIC). Without written authorization from CDIC, such content shall not be republished or used in any form. Note: Browsers with 1024*768 or higher resolution are suggested for this site.

License for publishing multimedia online 0108263

Registration Number: 130349

FOLLOW US","[EPU_CATS_REGULATION,WB_678_DIGITAL_GOVERNMENT,WB_670_ICT_SECURITY,WB_2372_AUTHENTICATION_AND_AUTHORIZATION,WB_133_INFORMATION_AND_COMMUNICATION_TECHNOLOGIES]",[1#China#CH#CH#35#105#C],[],[china daily information c]
99,https://www.tenterfieldstar.com.au/story/8722421/granny-flats-solving-australias-housing-crisis-affordably/?cs=13317,Why it's crucial to have tough granny flat conversations,"There can be a myriad of benefits to the once humble granny flat. They can offer secure and comfortable homes that are purpose-built for ageing, ease social isolation and enable multiple generations to pool their financial resources and provide care and support to each other.

While many people think of granny flats as a second, self-contained, dwelling built on someone else's property (the real estate definition of a granny flat) granny flat arrangements are actually far broader and can include a whole home or part of a home you don't own but have a right to live in.

The key point is you don't have legal ownership: if you do it is not considered a granny flat arrangement. Common ways granny flat arrangements are created are: the parents transfer their home to their children for a granny flat right; parents pay for a granny flat to be built on the children's property; or the parents and children pool their funds and purchase a new property in the children's names.

In July 2021, the federal government removed the capital gains tax liability associated with some granny flat arrangements. Prior to this the Australian Tax Office considered granny flat arrangements as a D1 capital gains tax event, with the establishment of a granny flat arrangement subject to capital gains tax.

It often meant a nasty surprise for children when they lodged their tax return and found out they had a CGT liability of hundreds of thousands of dollars. To qualify for the CGT exemption there are a number of criteria you need to meet, including: the parents are over pension age (67) or disabled for at least the next 12 months; the property is owned by an individual (not a company or trust); rent is not charged; the right to occupy is intended to be for life and the agreement is in writing.

Beyond tax, granny flat arrangements can have significant implications when it comes to your pension entitlement and cost of aged care. If you are thinking about creating a granny flat arrangement, it is crucial you consider the consequences now and in the future.

The amount you pay for your granny flat determines whether you are classified as a home owner for pension purposes. If the amount you pay is $252,000 or less, Centrelink will categorise you as a non-home owner, the granny flat will be included in your pension assets and you can qualify for rent assistance. If the amount you pay exceeds $252,000, Centrelink will classify you as a home owner, the value of the granny flat will be exempt from the pension asset test but you won't be eligible for rent assistance.

The amount you pay for a granny flat is normally taken to be the market price. As they are family arrangements it can be hard to determine a different value. However, if the amount you pay exceeds the purchase price (where a home is being bought or transferred), the cost of construction (where you are building a granny flat) or if Centrelink suspects you are trying to gain a social security advantage then it will apply a reasonableness test to the amount you have paid.

The reasonableness test multiplies the annual couple rate of pension ($43,753) by a factor based on your age. For example, if you are 73, the reasonableness test factor is 14.25, meaning the reasonable amount would be just over $623,477. If you are 83 the reasonableness factor is 7.65, making the reasonable amount $334,709. If you pay more than the reasonable amount then the amount above will be considered a gift.

If you are thinking about a granny flat arrangement as an alternative to moving into an aged care home, it's important to know if you leave within five years of creating a granny flat, and the move was reasonably foreseeable, the granny flat can be treated as a gift. The gift can affect both the calculation of your pension and your aged care fees.

Of all the downsizing options, granny flats, with their unique legal and financial intricacies, are the most complex. Adding to the complexity is they are family arrangements. Most people move into these arrangements with good intentions and high hopes for harmonious intergenerational living.

Discussing the day-to-day responsibilities of household expenses such as food, utilities and insurances and how domestic chores will be shared can help avoid disputes due to different expectations. Dealing with the more thorny issues like what happens if the children divorce, become sick (or die) or default on their mortgage can ensure there is a plan for such events. Of course, the toughest topic is when will the arrangement end, which may be because the parents need to move into aged care.","[CRISISLEX_CRISISLEXREC,UNGP_FORESTS_RIVERS_OCEANS,ECON_HOUSING_PRICES,TAX_FNCACT,TAX_FNCACT_CHILDREN,GENERAL_GOVERNMENT,EPU_POLICY,EPU_POLICY_GOVERNMENT,ECON_TAXATION,USPEC_POLICY1,EPU_POLICY_TAX,EPU_CATS_TAXES,TAX_ETHNICITY,TAX_ETHNICITY_AUSTRALIAN,ECON_WORLDCURRENCIES,ECON_WORLDCURRENCIES_DOLLARS,RETIREMENT,DISABILITY,TAX_ECON_PRICE,CRISISLEX_C07_SAFETY,EPU_CATS_ENTITLEMENT_PROGRAMS,AFFECT,WB_696_PUBLIC_SECTOR_MANAGEMENT,WB_723_PUBLIC_ADMINISTRATION,WB_2085_PUBLIC_SECTOR_DOWNSIZING,WB_2054_SIZE_OF_THE_PUBLIC_SERVICE,WB_724_HUMAN_RESOURCES_FOR_PUBLIC_SECTOR,WB_1973_FINANCIAL_RISK_REDUCTION,WB_435_AGRICULTURE_AND_FOOD_SECURITY,WB_337_INSURANCE,WB_1967_AGRICULTURAL_RISK_AND_SECURITY,SICKENED,WB_336_NON_BANK_FINANCIAL_INSTITUTIONS,WB_1920_FINANCIAL_SECTOR_DEVELOPMENT,WB_612_HOUSING_FINANCE,WB_332_CAPITAL_MARKETS,WB_2690_CATEGORIES_OF_EMPLOYMENT,WB_2670_JOBS,WB_2689_JOBS_DIAGNOSTICS,WB_2896_RETIREMENT,TAX_FNCACT_PRINCIPAL]",[1#Australia#AS#AS#-25#135#A],[],[australian tax offic]
60,https://japan.cnet.com/release/31011473/,わくわくさんが特別審査員の京進「手作りおもちゃコンテスト2024」応募数過去最多の、全国167チーム・511名の中から最終選考49チームが決定一般投票のオーディエンス賞,"当サイトは最新ブラウザでの閲覧を推奨します。

Copyright (c) 2024 ASAHI INTERACTIVE, Inc. All rights reserved. No reproduction or republication without written permission.","[TAX_ETHNICITY,TAX_ETHNICITY_JAPANESE,TAX_WORLDLANGUAGES,TAX_WORLDLANGUAGES_JAPANESE,WB_1921_PRIVATE_SECTOR_DEVELOPMENT,WB_405_BUSINESS_CLIMATE,WB_2531_INSPECTIONS_LICENSING_AND_PERMITS,WB_2530_BUSINESS_ENVIRONMENT,EPU_CATS_REGULATION,WB_845_LEGAL_AND_REGULATORY_FRAMEWORK,WB_696_PUBLIC_SECTOR_MANAGEMENT,WB_851_INTELLECTUAL_PROPERTY_RIGHTS,WB_1042_TRADEMARKS,WB_1039_PROPERTY_LAWS_AND_REGULATIONS]","[1#United States#US#US#39.828175#-98.5795#US,1#Japan#JA#JA#36#138#J]",[],"[a red ventures company,united state]"
54,https://japan.cnet.com/release/31011107/,"太陽電池市場、2032年に5億9,000万米ドル規模到達見込み","当サイトは最新ブラウザでの閲覧を推奨します。

Copyright (c) 2024 ASAHI INTERACTIVE, Inc. All rights reserved. No reproduction or republication without written permission.","[TAX_ETHNICITY,TAX_ETHNICITY_JAPANESE,TAX_WORLDLANGUAGES,TAX_WORLDLANGUAGES_JAPANESE,WB_1921_PRIVATE_SECTOR_DEVELOPMENT,WB_405_BUSINESS_CLIMATE,WB_2531_INSPECTIONS_LICENSING_AND_PERMITS,WB_2530_BUSINESS_ENVIRONMENT,EPU_CATS_REGULATION,WB_845_LEGAL_AND_REGULATORY_FRAMEWORK,WB_696_PUBLIC_SECTOR_MANAGEMENT,WB_851_INTELLECTUAL_PROPERTY_RIGHTS,WB_1042_TRADEMARKS,WB_1039_PROPERTY_LAWS_AND_REGULATIONS]","[1#United States#US#US#39.828175#-98.5795#US,1#Japan#JA#JA#36#138#J]",[],"[united states,a red ventures compan]"
54,https://www.irvinetimes.com/news/national/24515542.investigation-launched-boardmasters-festival-crowd-surge/,Investigation launched into Boardmasters festival after crowd surge,"Seven festivalgoers were injured including a young woman who suffered a fractured knee during the fan surge on Friday at a DJ stage at the music event in Newquay.

On Saturday, The Point stage was reopened after a “multi-agency review” was undertaken and the festival continued as scheduled until Sunday.

Police called it “an isolated incident”.

On Tuesday, a spokesman for Cornwall council said: “The council’s public protection service is currently investigating the incident that took place at the Boardmasters festival on Friday August 9.

“We cannot comment further while this investigation is ongoing.”

In response, a spokesman for the festival said: “The safety of everyone at Boardmasters is our first priority.

“As part of our event debrief process, we will be working closely with our local authority partners to examine the circumstances of Friday’s incident and ensure relevant learnings are included in the planning process for future events.”

On Friday, festival organisers announced that the planned set by DJ and producer Sammy Virji was cancelled and the stage was “closed to allow onsite teams to respond to an incident in the audience”.

A later statement said: “Seven attendees were transferred to hospital nearby for precautionary examination after presenting to our medical team.

“They have been treated for minor injuries and have all since been discharged.”

Devon and Cornwall Police said the crowd surge “left a small number of attendees injured”.

The force said at the weekend: “Contrary to speculation, we can confirm that there have been no deaths as a result of this incident.”

Dancer Jade Brooks, 23, from Yorkshire, told the PA news agency that the crowd had been “pushed back and caused everyone to fall with me being the bottom person and I had about 10 people fall onto my legs”.

She says she went to hospital and an X-ray revealed she had a fracture in her knee, and will spend the rest of her Cornwall holiday on crutches.

Ms Brooks said: “We came to Cornwall for a two-week holiday like we do every year and this was in the middle of our holiday.

“Now this second week of the holiday is ruined, we can’t do what we usually do and I’m going to miss out on all family activities.”

Virji said he was “gutted” by the cancelling of his set, and added that “safety should always come first”.

The police have been contacted for an additional response.","[WOUND,CRISISLEX_CRISISLEXREC,CRISISLEX_C03_WELLBEING_HEALTH,CRISISLEX_T02_INJURED,TAX_FNCACT,TAX_FNCACT_WOMAN,MANMADE_DISASTER_IMPLIED,SECURITY_SERVICES,TAX_FNCACT_POLICE,CRISISLEX_C07_SAFETY,TAX_FNCACT_SPOKESMAN,UNGP_CRIME_VIOLENCE,WB_2024_ANTI_CORRUPTION_AUTHORITIES,WB_696_PUBLIC_SECTOR_MANAGEMENT,WB_840_JUSTICE,WB_2025_INVESTIGATION,WB_831_GOVERNANCE,WB_832_ANTI_CORRUPTION,WB_1014_CRIMINAL_JUSTICE,TAX_FNCACT_PRODUCER,GENERAL_HEALTH,MEDICAL,SOC_POINTSOFINTEREST,SOC_POINTSOFINTEREST_HOSPITAL,WB_1428_INJURY,WB_1406_DISEASES,WB_621_HEALTH_NUTRITION_AND_POPULATION,WB_1427_NON_COMMUNICABLE_DISEASE_AND_INJURY,KILL,TAX_FNCACT_DANCER,GEN_HOLIDAY]","[4#Newquay, Cornwall, United Kingdom#UK#UKC6#50.4167#-5.08333#-260405]",[sammy virj],[cornwall polic]
51,https://www.portstephensexaminer.com.au/story/8727228/female-student-one-of-the-victims-after-two-bodies-discovered/?cs=9676,Chinese student identified as victim of horror stabbing,"Advertisement

Ad

Get the latest Nelson Bay news in your inbox

Sign up for our newsletter to stay up to date.

Email address

We care about the protection of your data. Read our Privacy Policy.

Advertisement

Ad","[WB_2024_ANTI_CORRUPTION_AUTHORITIES,WB_696_PUBLIC_SECTOR_MANAGEMENT,WB_840_JUSTICE,WB_2025_INVESTIGATION,WB_831_GOVERNANCE,WB_832_ANTI_CORRUPTION,WB_1014_CRIMINAL_JUSTICE,KILL,SECURITY_SERVICES,TAX_FNCACT,TAX_FNCACT_POLICE,CRISISLEX_C07_SAFETY,TAX_FNCACT_WOMAN,CRISISLEX_CRISISLEXREC,CRISISLEX_T02_INJURED,CRISISLEX_T03_DEAD,MANMADE_DISASTER_IMPLIED,CRISISLEX_O02_RESPONSEAGENCIESATCRISIS,EPU_CATS_MIGRATION_FEAR_FEAR,TAX_MILITARY_TITLE,TAX_MILITARY_TITLE_OFFICERS,TAX_FNCACT_OFFICERS,TAX_FNCACT_MAN,SOC_GENERALCRIME,TAX_FNCACT_DETECTIVES,TAX_DISEASE,TAX_DISEASE_WOUNDS,TAX_ETHNICITY,TAX_ETHNICITY_CHINESE,TAX_WORLDLANGUAGES,TAX_WORLDLANGUAGES_CHINESE,TAX_FNCACT_STUDENT,MEDIA_MSM,TAX_FNCACT_JOURNALIST,TAX_FNCACT_CORRESPONDENT,USPEC_POLITICS_GENERAL1]","[4#Sydney, New South Wales, Australia#AS#AS02#-33.8833#151.217#-1603135,1#China#CH#CH#35#105#C]",[carla mascarenha],[burwood police are]
50,https://www.naroomanewsonline.com.au/story/8727228/female-student-one-of-the-victims-after-two-bodies-discovered/?cs=2708,Chinese student identified as victim of horror stabbing,"Police have named the 21-year-old woman who was stabbed to death in a Sydney apartment as Xiaoting Wan.

The young student from China was one of two dead people discovered after a routine welfare check at a NSW building complex on August 12.

Emergency services were called just after 9.45am on August 12 to the courtyard of a building on Conder Street in Burwood in Sydney's inner west following reports of a concern for welfare.

Officers attached to Burwood Police Area Command arrived to find the body of a man.

A crime scene was established and detectives commenced an investigation into the circumstances surrounding the incident.

Following inquiries, police attended a unit in the building complex where they discovered the body of the 21-year-old woman with multiple stab wounds..

Superintendent Christine McDonald, Commander of Burwood Police Area Command, said this incident had greatly affected the Burwood community.

""There are many people in the Burwood and wider Sydney community who have been affected by the death of Xiaoting.

""She, like many international students, came to this country for education and opportunity, and for her life to end like this is tragic."" Det C/Supt McDonald said.

""I urge anyone affected by the deaths to attend a vigil, which is being held later this month, to support each other through this time.""

Police say the man and woman were known to each other.","[WB_2024_ANTI_CORRUPTION_AUTHORITIES,WB_696_PUBLIC_SECTOR_MANAGEMENT,WB_840_JUSTICE,WB_2025_INVESTIGATION,WB_831_GOVERNANCE,WB_832_ANTI_CORRUPTION,WB_1014_CRIMINAL_JUSTICE,KILL,SECURITY_SERVICES,TAX_FNCACT,TAX_FNCACT_POLICE,CRISISLEX_C07_SAFETY,TAX_FNCACT_WOMAN,CRISISLEX_CRISISLEXREC,CRISISLEX_T02_INJURED,CRISISLEX_T03_DEAD,MANMADE_DISASTER_IMPLIED,CRISISLEX_O02_RESPONSEAGENCIESATCRISIS,EPU_CATS_MIGRATION_FEAR_FEAR,TAX_MILITARY_TITLE,TAX_MILITARY_TITLE_OFFICERS,TAX_FNCACT_OFFICERS,TAX_FNCACT_MAN,SOC_GENERALCRIME,TAX_FNCACT_DETECTIVES,TAX_DISEASE,TAX_DISEASE_WOUNDS,TAX_ETHNICITY,TAX_ETHNICITY_CHINESE,TAX_WORLDLANGUAGES,TAX_WORLDLANGUAGES_CHINESE,TAX_FNCACT_STUDENT,MEDIA_MSM,TAX_FNCACT_JOURNALIST,TAX_FNCACT_CORRESPONDENT,USPEC_POLITICS_GENERAL1]","[1#China#CH#CH#35#105#CH,4#Sydney, New South Wales, Australia#AS#AS02#-33.8833#151.217#-160313]",[carla mascarenha],[burwood police are]
49,https://japan.cnet.com/release/31011147/,"トレンチ掘削機市場、2032年に12億3,590万米ドル規模到達見込み","当サイトは最新ブラウザでの閲覧を推奨します。

Copyright (c) 2024 ASAHI INTERACTIVE, Inc. All rights reserved. No reproduction or republication without written permission.","[TAX_ETHNICITY,TAX_ETHNICITY_JAPANESE,TAX_WORLDLANGUAGES,TAX_WORLDLANGUAGES_JAPANESE,WB_1921_PRIVATE_SECTOR_DEVELOPMENT,WB_405_BUSINESS_CLIMATE,WB_2531_INSPECTIONS_LICENSING_AND_PERMITS,WB_2530_BUSINESS_ENVIRONMENT,EPU_CATS_REGULATION,WB_845_LEGAL_AND_REGULATORY_FRAMEWORK,WB_696_PUBLIC_SECTOR_MANAGEMENT,WB_851_INTELLECTUAL_PROPERTY_RIGHTS,WB_1042_TRADEMARKS,WB_1039_PROPERTY_LAWS_AND_REGULATIONS]","[1#Japan#JA#JA#36#138#JA,1#United States#US#US#39.828175#-98.5795#U]",[],"[a red ventures company,united state]"
45,https://www.thewestmorlandgazette.co.uk/news/national/uk-today/24515744.northern-lights-visible-uk-week---see/,Northern Lights to be visible in UK this week - see when,"Stargazers across the country have been lucky enough to catch a glimpse of the Northern Lights, also known as the aurora borealis, several times already in 2024.

The most recent sightings were reported over the weekend.

If you missed the Northern Lights over the weekend, don't worry, you will have one more chance to see them this week before they begin to fade.

Best time to see the Northern Lights

The Northern Lights may be visible in parts of the UK overnight on Tuesday (August 13 to 14), according to the Met Office.

The Met Office Space Weather forecast reads: ""Ongoing Coronal Mass Ejection (CME) influence will wane slowly through Tuesday 13th Aug.

""Another CME enhancement is possible early 13 Aug, this will bring a chance of visible aurora to Scotland and parts of Northern England overnight.

""During 14 Aug activity should return back to background levels, with significant enhancements currently unlikely and any visible aurora restricted to far northern Scotland.""

Best places to see the Northern Lights in the UK this week

According to the Space Weather forecast from the Met Office, the best spots to see the Northern Lights on Tuesday night/Wednesday morning (August 13 to 14) will be Scotland and northern England.

Northern Lights activity is set to return to ""background levels"" on Wednesday (August 14) for most of the UK, according to the Met Office, with further ""significant enhancements"" unlikely.

However, people in far northern Scotland may still be able to catch a glimpse of the spectacle after Tuesday night.

RECOMMENDED READING:

Perseid meteor shower peaks this week - how to see it

WATCH: Family captures 'bright shooting star' on doorbell camera

These are the 7 hotspots you need to go to see the Northern Lights this year

What are the Northern Lights?

The Northern Lights are caused by charged particles from the sun hitting gases in the Earth's atmosphere.

The colours occur due to different gases in the Earth's atmosphere being energised by the charged particles.

Nitrogen and oxygen are the two most common gases in the atmosphere, with nitrogen emitting purple, blue and pink colours and oxygen emitting green.","[TAX_WORLDFISH,TAX_WORLDFISH_STARGAZERS,EPU_CATS_MIGRATION_FEAR_FEAR,WB_569_HYDROMET_SERVICES,WB_568_CLIMATE_SERVICES,WB_567_CLIMATE_CHANGE]","[4#Northern England, Northumberland, United Kingdom#UK#UKJ6#54.9167#-2.33333#-2604273,1#United Kingdom#UK#UK#54#-4#U]",[],[office space weathe]
44,https://www.clactonandfrintongazette.co.uk/news/national/uk-today/24515744.northern-lights-visible-uk-week---see/,Northern Lights to be visible in UK this week - see when,"Stargazers across the country have been lucky enough to catch a glimpse of the Northern Lights, also known as the aurora borealis, several times already in 2024.

The most recent sightings were reported over the weekend.

If you missed the Northern Lights over the weekend, don't worry, you will have one more chance to see them this week before they begin to fade.

Best time to see the Northern Lights

The Northern Lights may be visible in parts of the UK overnight on Tuesday (August 13 to 14), according to the Met Office.

The Met Office Space Weather forecast reads: ""Ongoing Coronal Mass Ejection (CME) influence will wane slowly through Tuesday 13th Aug.

""Another CME enhancement is possible early 13 Aug, this will bring a chance of visible aurora to Scotland and parts of Northern England overnight.

""During 14 Aug activity should return back to background levels, with significant enhancements currently unlikely and any visible aurora restricted to far northern Scotland.""

Best places to see the Northern Lights in the UK this week

According to the Space Weather forecast from the Met Office, the best spots to see the Northern Lights on Tuesday night/Wednesday morning (August 13 to 14) will be Scotland and northern England.

Northern Lights activity is set to return to ""background levels"" on Wednesday (August 14) for most of the UK, according to the Met Office, with further ""significant enhancements"" unlikely.

However, people in far northern Scotland may still be able to catch a glimpse of the spectacle after Tuesday night.

RECOMMENDED READING:

Perseid meteor shower peaks this week - how to see it

WATCH: Family captures 'bright shooting star' on doorbell camera

These are the 7 hotspots you need to go to see the Northern Lights this year

What are the Northern Lights?

The Northern Lights are caused by charged particles from the sun hitting gases in the Earth's atmosphere.

The colours occur due to different gases in the Earth's atmosphere being energised by the charged particles.

Nitrogen and oxygen are the two most common gases in the atmosphere, with nitrogen emitting purple, blue and pink colours and oxygen emitting green.","[TAX_WORLDFISH,TAX_WORLDFISH_STARGAZERS,EPU_CATS_MIGRATION_FEAR_FEAR,WB_569_HYDROMET_SERVICES,WB_568_CLIMATE_SERVICES,WB_567_CLIMATE_CHANGE]","[1#United Kingdom#UK#UK#54#-4#UK,4#Northern England, Northumberland, United Kingdom#UK#UKJ6#54.9167#-2.33333#-260427]",[],[office space weathe]
42,https://www.oxfordmail.co.uk/news/national/uk-today/24516360.wizz-air-unlimited-flights---get-can-fly-deal/,Wizz air unlimited flights - how to get All You Can Fly deal,"Wizz Air has introduced an annual ""unlimited flight"" membership offering its customers multiple flights for a set fee paid in advance.

""All You Can Fly"" is a 12-month membership program that enables members to travel extensively on eligible Wizz Air flights.

It costs £534 and provides access to flights from 200 cities in more than 50 countries on 780 routes throughout the airline's budget-friendly network.

However, Wizz Air has offered an introductory rate of £445, which is available from 9am Tuesday (August 13) until 11.59pm on Thursday (August 15), according to its website.

Liquid Rules at Airports Explained

Those wishing to use the ""All You Can Fly"" membership can book flights available from September 25.

You can register here.

Customers should be aware this membership is for last-minute bookings only which must be booked 72 hours in advance before the departure flight, the Wizz Air website explains.

@wizzair

We stan a trip to Kazakhstan ✈️

♬ оригинальный звук - sophia

It's important to note baggage and seat selection charges are not included in the cost of the ""All You Can Fly"" deal.

A £9 booking fee will also be added to each trip.

Recommended reading:

EasyJet passenger reveals his ingenious hack to dodge extra baggage charges

Struggling to find cheap flights? Travel experts reveal tricks of the trade

Where can UK passport holders travel to without a visa? See all 155 destinations

Expert warns holidaymakers to never do this one thing when on a plane

Wizz Air commercial officer Silvia Mosquera commented: “We are thrilled to be the first to introduce this one-of-a-kind membership for travellers in Europe.

“The Wizz All You Can Fly membership will give customers hundreds of spontaneous travel options for a fixed price, giving them freedom to fly whenever is convenient without paying extra.”

For the time being, Wizz Air has said it plans to provide an overall 10,000 ""All You Can Fly"" memberships for passengers.","[TAX_ECON_PRICE,SOC_POINTSOFINTEREST,SOC_POINTSOFINTEREST_AIRPORTS,WB_135_TRANSPORT,WB_1803_TRANSPORT_INFRASTRUCTURE,WB_1804_AIRPORTS,UNGP_FORESTS_RIVERS_OCEANS,TAX_MILITARY_TITLE,TAX_MILITARY_TITLE_OFFICER,TAX_FNCACT,TAX_FNCACT_OFFICER]",[1#Kazakhstan#KZ#KZ#48#68#K],[silvia mosquer],[]
42,https://www.heraldseries.co.uk/news/24515192.husband-wife-power-glory-pickleball-english-open/,Husband and wife power to glory at Pickleball English OPEN,"Psychologist Audibert, 56, featured in the English Open at the Telford International Centre – the largest pickleball event taking place outside of North America.

With ages from 7 to 70+ competing, the event is reflective of the incredible growth in pickleball over recent years, with a record number of almost 2,000 players from 42 countries participating in a sport which has aspirations of making the Olympic programme.

Audibert and her husband-turned-playing-partner Bernie, 54, won every game en route to victory in the 4.5 35+ mixed doubles event.

“The final was really tough because they were really big hitters and I found it tough to keep hitting and hitting and moving fast, and I moved it like they were going to pound me,” said Brighton's Audibert.

“Fortunately, my partner, Bernie, took a lot of those balls and put some pressure on and put a lot of balls away.

“He’s been really, really gentle this tournament because when he gets really stressed, it makes me play worse, so this time he’s tried to be really positive and he’s done a great job, so it’s been fun because we’ve had some fiery ones!”

This year’s English OPEN comprised seven days of high-level competition, with the world’s top professionals from America, Europe and Asia taking to the court in singles, doubles, mixed, wheelchair and junior events.

A hybrid of tennis, badminton & table tennis, the sport’s popularity has been attributed to its accessibility. Easy to pick up and fun to play, the sport’s accessibility transcends demographics, providing it with universal appeal.

“The event has been amazing, it’s been really nice to come up here and have all these courts and all these people and all these different categories,” added Audibert.

“We were tennis players, our backs were hurt, and you can play this indoors: we were just at the gym and got hooked as you can play every day on the badminton courts.”",[],[1#United States#US#US#39.828175#-98.5795#U],[brighton audiber],"[skechers,telford international centr]"
41,https://www.westernadvocate.com.au/story/8721084/kids-cancer-advocates-mission-to-save-kids-with-cancer/?cs=5669,Kids' cancer advocate calls on fellow seniors to join him in mission to save young patients' lives,"Col Reynolds with Evie Weir who passed away in 2017 when she was just six-years-old. Picture The Kids Cancer Project.

This is branded content for The Kids' Cancer Project.

It was the sight of two bald children heading into the Children's Hospital at Camperdown that led to one man's incredible commitment to saving the lives of Australia's youngest sufferers of cancer.

Col Reynolds, now 86, was driving a tourist coach in the late 1980s, when the kids made their way across the pedestrian crossing in front of him. With no passengers on board, Mr Reynolds made the spur of the moment decision to park his bus and head into the hospital.

""I walked into the oncology ward and remember feeling really moved and very distressed at seeing so many kids who were battling cancer,"" he said. ""I later found out that it was a battle that had only a 58 per cent survival rate.""

Mr Reynolds felt compelled to help. Starting out with taking children and their families on day and weekend bus trips, in 1993 he turned his focus to supporting cutting-edge medical research. He established The Kids' Cancer Project (TKCP), a charity with the specific aim of raising money to fund the bold and innovative research needed to solve the complex problem of childhood cancer.

Today, in 2024, that survival rate is 86 per cent and close to $90 million dollars has been raised for research through TKCP. This year celebrating 31 years of work, the organisation has funded more than 387 projects that have improved outcomes for kids with cancer through medical advances.

Mr Reynolds - whose contribution to the lives of children with cancer was recognised with an Order of Australia in 2000 - is still leading the charge, continuing to inspire every step of the way. And he's overjoyed that so many more children with cancer can look forward to their futures.

But having known so many children that have later died from cancer, he's nowhere near satisfied. Many years back he made a promise that he would never give up on his mission to not only make sure every child survives cancer, but that they also do so with minimal or no long term effects.

Now, in one of his latest efforts to achieve this goal, he's calling on his fellow older Australians to follow in his footsteps and include a gift to TKCP in their wills as he has done.

""So many children are still dying of cancer,"" Mr Reynolds said. ""To reach 100 per cent survival rate the researchers will need our support in the future, and providing a gift in your will means you're helping further those efforts beyond your lifetime.

""Every time the survival rate goes up thanks to new research, it means dozens more children can go on to experience all life has to offer, free from cancer and the fear of dying as all kids should. It means families can raise their children rather than lose them to a cruel disease.

""As well far too many treatments are also intensely painful and cause debilitating life-long side effects following survival. To be able to prevent that and continue to increase survival rates and allow these young people to thrive, we need to provide scientists with the funding they need to make discoveries, translate pioneering research, advance treatments and build support programs.

""The greatest gift you can give a child with cancer is the gift of life and the gift you leave will have a meaningful and lasting impact on the future of childhood cancer research.""","[TAX_DISEASE,TAX_DISEASE_CANCER,WB_1406_DISEASES,WB_1431_CANCER,WB_621_HEALTH_NUTRITION_AND_POPULATION,WB_1427_NON_COMMUNICABLE_DISEASE_AND_INJURY,TAX_FNCACT,TAX_FNCACT_CHILDREN]","[4#Camperdown, Victoria, Australia#AS#AS07#-38.2339#143.15#-1563898,1#Australia#AS#AS#-25#135#A]",[],[]
40,https://www.sloughobserver.co.uk/news/national/24514862.man-charged-rioting-offences-belfast-court/,Man charged with rioting offences at Belfast court,"Paul McCallister, 26, of City Way in the Northern Ireland capital, appeared before Belfast Magistrates’ Court on Tuesday morning.

He has been charged with riotous assembly and also encouraging/assisting others to riot on August 3.

McCallister indicated he understood the charges.

A detective constable said he could connect the accused to the charges.

No application for bail was made, and he remained in custody.

A defence lawyer indicated that an application for bail will be made at his next appearance before the court on August 21.

McCallister is the latest of a number of men to appear before courts in Northern Ireland charged in connection with serious disorder on the streets of Belfast earlier this month following an anti-immigration protest.","[TAX_FNCACT,TAX_FNCACT_MAGISTRATE,TRIAL,SOC_GENERALCRIME,PROTEST,TAX_FNCACT_DETECTIVE,SECURITY_SERVICES,TAX_FNCACT_CONSTABLE,ARREST,TAX_FNCACT_LAWYER,DISCRIMINATION_IMMIGRATION,DISCRIMINATION_IMMIGRATION_ANTIIMMIGRATION]","[4#Belfast, Belfast, United Kingdom#UK#UKR3#54.5833#-5.93333#-2589607,4#Northern Ireland, Craigavon, United Kingdom#UK#UKR8#54.5#-6.5#-260427]",[paul mccalliste],[belfast magistrate court o]
40,https://www.lancashiretelegraph.co.uk/news/national/24514862.man-charged-rioting-offences-belfast-court/,Man charged with rioting offences at Belfast court,"Paul McCallister, 26, of City Way in the Northern Ireland capital, appeared before Belfast Magistrates’ Court on Tuesday morning.

He has been charged with riotous assembly and also encouraging/assisting others to riot on August 3.

McCallister indicated he understood the charges.

A detective constable said he could connect the accused to the charges.

No application for bail was made, and he remained in custody.

A defence lawyer indicated that an application for bail will be made at his next appearance before the court on August 21.

McCallister is the latest of a number of men to appear before courts in Northern Ireland charged in connection with serious disorder on the streets of Belfast earlier this month following an anti-immigration protest.","[TAX_FNCACT,TAX_FNCACT_MAGISTRATE,TRIAL,SOC_GENERALCRIME,PROTEST,TAX_FNCACT_DETECTIVE,SECURITY_SERVICES,TAX_FNCACT_CONSTABLE,ARREST,TAX_FNCACT_LAWYER,DISCRIMINATION_IMMIGRATION,DISCRIMINATION_IMMIGRATION_ANTIIMMIGRATION]","[4#Northern Ireland, Craigavon, United Kingdom#UK#UKR8#54.5#-6.5#-2604275,4#Belfast, Belfast, United Kingdom#UK#UKR3#54.5833#-5.93333#-258960]",[paul mccalliste],[belfast magistrate court o]
40,https://www.southcoastregister.com.au/story/8728146/podcast-rav4-is-australias-favourite-car-july-vfacts-and-new-taycan-driven/?cs=34616,"Podcast: RAV4 is Australia's favourite car, July VFACTS and new Taycan driven!","Sean, James and Scott run through all the VFACTS sales data for July, where there has been a big shakeup in the top five.

Subscribe now for unlimited access .

or signup to continue reading

All articles from our website

The digital version of Today's Paper

Breaking news alerts direct to your inbox

All articles from the other in your area

James spills the beans on the new 2025 Porsche Taycan, and the guys discuss which car they would have over a Tesla Model Y.

Where to find the CarExpert Podcast

You can find the CarExpert Podcast on your favourite podcast platform. If in doubt, simply click on the RSS feed below, or follow the links to the Apple Podcasts or Google Podcasts applications to subscribe.

If you haven't already, subscribe to get all the latest new car reviews.

Content originally sourced from: CarExpert.com.au

Advertisement

Ad

Get the latest Nowra news in your inbox

Sign up for our newsletter to stay up to date.

Email address

We care about the protection of your data. Read our Privacy Policy.

Advertisement

Ad",[CRISISLEX_CRISISLEXREC],[1#Australia#AS#AS#-25#135#A],[porsche tayca],[]
37,https://www.darlingtonandstocktontimes.co.uk/news/24515192.husband-wife-power-glory-pickleball-english-open/,Husband and wife power to glory at Pickleball English OPEN,"Psychologist Audibert, 56, featured in the English Open at the Telford International Centre – the largest pickleball event taking place outside of North America.

With ages from 7 to 70+ competing, the event is reflective of the incredible growth in pickleball over recent years, with a record number of almost 2,000 players from 42 countries participating in a sport which has aspirations of making the Olympic programme.

Audibert and her husband-turned-playing-partner Bernie, 54, won every game en route to victory in the 4.5 35+ mixed doubles event.

“The final was really tough because they were really big hitters and I found it tough to keep hitting and hitting and moving fast, and I moved it like they were going to pound me,” said Brighton's Audibert.

“Fortunately, my partner, Bernie, took a lot of those balls and put some pressure on and put a lot of balls away.

“He’s been really, really gentle this tournament because when he gets really stressed, it makes me play worse, so this time he’s tried to be really positive and he’s done a great job, so it’s been fun because we’ve had some fiery ones!”

This year’s English OPEN comprised seven days of high-level competition, with the world’s top professionals from America, Europe and Asia taking to the court in singles, doubles, mixed, wheelchair and junior events.

A hybrid of tennis, badminton & table tennis, the sport’s popularity has been attributed to its accessibility. Easy to pick up and fun to play, the sport’s accessibility transcends demographics, providing it with universal appeal.

“The event has been amazing, it’s been really nice to come up here and have all these courts and all these people and all these different categories,” added Audibert.

“We were tennis players, our backs were hurt, and you can play this indoors: we were just at the gym and got hooked as you can play every day on the badminton courts.”",[],[1#United States#US#US#39.828175#-98.5795#U],[brighton audiber],"[telford international centre,skecher]"
36,https://japan.cnet.com/release/31011487/,TVアニメ『ハミダシクリエイティブ』2024年10月よりTOKYO MX、サンテレビ、テレビ愛知、KBS京都、AT-Xにて放送予定！メインビジュアル&ティザーPVも公開！,"当サイトは最新ブラウザでの閲覧を推奨します。

Copyright (c) 2024 ASAHI INTERACTIVE, Inc. All rights reserved. No reproduction or republication without written permission.","[TAX_ETHNICITY,TAX_ETHNICITY_JAPANESE,TAX_WORLDLANGUAGES,TAX_WORLDLANGUAGES_JAPANESE,WB_1921_PRIVATE_SECTOR_DEVELOPMENT,WB_405_BUSINESS_CLIMATE,WB_2531_INSPECTIONS_LICENSING_AND_PERMITS,WB_2530_BUSINESS_ENVIRONMENT,EPU_CATS_REGULATION,WB_845_LEGAL_AND_REGULATORY_FRAMEWORK,WB_696_PUBLIC_SECTOR_MANAGEMENT,WB_851_INTELLECTUAL_PROPERTY_RIGHTS,WB_1042_TRADEMARKS,WB_1039_PROPERTY_LAWS_AND_REGULATIONS]","[1#Japan#JA#JA#36#138#JA,1#United States#US#US#39.828175#-98.5795#U]",[],"[united states,a red ventures compan]"
34,https://www.lithgowmercury.com.au/story/8728510/bmw-m5-touring-super-wagon-spied-just-days-ahead-of-reveal/?cs=34616,BMW M5 Touring: Super wagon spied just days ahead of reveal,"BMW's newest hot wagon is set to be officially revealed later this week, but our European photographers have spied a (mostly) un-camouflaged M5 Touring undergoing final tests in Europe.

It's been 14 years since the last M5 wagon rolled off the production line, but the long-roof performance model won't return with V10 power like its predecessor, instead adopting the plug-in hybrid V8 drivetrain from its sedan sibling.

Ahead of its August 15 unveiling at Pebble Beach as part of Monterey Car Week, the next M5 Touring has been spied testing in Germany on roads near the infamous Nürburgring.

These photos are the best look we've had at the new wagon so far, and they're likely to be the last before the official reveal.

The new M5 Touring will likely be powered by the same twin-turbo 4.4-litre plug-in hybrid V8 with a single electric motor found in the M5 sedan.

On its own, that engine produces 430kW of power and 750Nm torque, though the transmission-mounted electric motor brings the total to 535kW and 1000Nm.

The PHEV M5 is one of the most powerful BMW's ever produced, but it's also among the heaviest, tipping the scales at 2435kg in sedan form, with the figure expected to go up even further for the M5 Touring.

In the sedan, drive is sent to all four wheels via an eight-speed automatic transmission, with BMW claiming a 0-100km/h time of 3.5 seconds.

With its 18.6kWh lithium-ion battery pack, electric-only range in the M5 sedan is limited to 69km. WLTP fuel economy figures range between 1.6L/100km and 10.3L/100km depending on the battery's charge level.

All Australian-delivered M5 sedans will include the M Driver's Package, which raises its top speed from 250km/h to 305km/h.

The interior is headlined by a 12.3-inch digital instrument cluster, 14.9-inch touchscreen infotainment system, 18-speaker surround sound system, four-zone climate control, heated and ventilated front seats, heated rear seats, and a heated steering wheel.","[CRISISLEX_CRISISLEXREC,TAX_FNCACT,TAX_FNCACT_OFFICIAL,USPEC_POLICY1,EPU_ECONOMY,EPU_ECONOMY_HISTORIC,TAX_FNCACT_DRIVER,UNGP_FORESTS_RIVERS_OCEANS,TAX_ECON_PRICE]","[4#Monterey, New South Wales, Australia#AS#AS02#-33.9667#151.15#39634,4#Pebble Beach, Western Australia, Australia#AS#AS08#-22.0411#114.116#1142441]",[],[bm]
34,https://www.merimbulanewsweekly.com.au/story/8721084/kids-cancer-advocates-mission-to-save-kids-with-cancer/?cs=5586,Kids' cancer advocate calls on fellow seniors to join him in mission to save young patients' lives,"Col Reynolds with Evie Weir who passed away in 2017 when she was just six-years-old. Picture The Kids Cancer Project.

This is branded content for The Kids' Cancer Project.

It was the sight of two bald children heading into the Children's Hospital at Camperdown that led to one man's incredible commitment to saving the lives of Australia's youngest sufferers of cancer.

Col Reynolds, now 86, was driving a tourist coach in the late 1980s, when the kids made their way across the pedestrian crossing in front of him. With no passengers on board, Mr Reynolds made the spur of the moment decision to park his bus and head into the hospital.

""I walked into the oncology ward and remember feeling really moved and very distressed at seeing so many kids who were battling cancer,"" he said. ""I later found out that it was a battle that had only a 58 per cent survival rate.""

Mr Reynolds felt compelled to help. Starting out with taking children and their families on day and weekend bus trips, in 1993 he turned his focus to supporting cutting-edge medical research. He established The Kids' Cancer Project (TKCP), a charity with the specific aim of raising money to fund the bold and innovative research needed to solve the complex problem of childhood cancer.

Today, in 2024, that survival rate is 86 per cent and close to $90 million dollars has been raised for research through TKCP. This year celebrating 31 years of work, the organisation has funded more than 387 projects that have improved outcomes for kids with cancer through medical advances.

Mr Reynolds - whose contribution to the lives of children with cancer was recognised with an Order of Australia in 2000 - is still leading the charge, continuing to inspire every step of the way. And he's overjoyed that so many more children with cancer can look forward to their futures.

But having known so many children that have later died from cancer, he's nowhere near satisfied. Many years back he made a promise that he would never give up on his mission to not only make sure every child survives cancer, but that they also do so with minimal or no long term effects.

Now, in one of his latest efforts to achieve this goal, he's calling on his fellow older Australians to follow in his footsteps and include a gift to TKCP in their wills as he has done.

""So many children are still dying of cancer,"" Mr Reynolds said. ""To reach 100 per cent survival rate the researchers will need our support in the future, and providing a gift in your will means you're helping further those efforts beyond your lifetime.

""Every time the survival rate goes up thanks to new research, it means dozens more children can go on to experience all life has to offer, free from cancer and the fear of dying as all kids should. It means families can raise their children rather than lose them to a cruel disease.

""As well far too many treatments are also intensely painful and cause debilitating life-long side effects following survival. To be able to prevent that and continue to increase survival rates and allow these young people to thrive, we need to provide scientists with the funding they need to make discoveries, translate pioneering research, advance treatments and build support programs.

""The greatest gift you can give a child with cancer is the gift of life and the gift you leave will have a meaningful and lasting impact on the future of childhood cancer research.""","[TAX_DISEASE,TAX_DISEASE_CANCER,WB_1406_DISEASES,WB_1431_CANCER,WB_621_HEALTH_NUTRITION_AND_POPULATION,WB_1427_NON_COMMUNICABLE_DISEASE_AND_INJURY,TAX_FNCACT,TAX_FNCACT_CHILDREN]","[1#Australia#AS#AS#-25#135#AS,4#Camperdown, Victoria, Australia#AS#AS07#-38.2339#143.15#-156389]",[],[]
33,https://www.mapleridgenews.com/news/bc-securities-commission-finds-13m-in-fraud-by-crypto-trading-platform-7482847,B.C. Securities Commission finds $13M in fraud by crypto trading platform,"A panel of the British Columbia Securities Commission has found a cryptocurrency trading platform and its owner lied to customers and diverted about $13 million in assets to gambling and personal accounts.

The commission says the company operating under the name ezBtc and incorporated by then-B.C. resident David Smillie told customers their bitcoins would be held in “cold storage,” a more secure method of keeping digital assets offline.

Instead, the panel found about a third of all the crypto assets that customers deposited with the platform between 2016 and 2019 were diverted to gambling sites or to Smillie’s personal accounts on other crypto trading platforms.

The commission says in a statement issued Monday that it hired a forensic data analytics firm to determine what happened to the cryptocurrency, and some of it was “quickly transferred” either to Smillie’s accounts or two gambling websites.

It says the panel found that Smillie directed the affairs of ezBtc, and by authorizing the company’s misconduct, he committed the same misconduct as the platform.

The commission says the company was dissolved in 2022 and didn’t take part in the hearing, and while Smillie didn’t attend, he was represented by a lawyer.

It says the panel will next consider what sanctions to impose, which could be monetary or bans from market participation.","[ECON_BITCOIN,WB_698_TRADE,TAX_DISEASE,TAX_DISEASE_GAMBLING,WB_135_TRANSPORT,WB_1174_WAREHOUSING_AND_STORAGE,WB_793_TRANSPORT_AND_LOGISTICS_SERVICES,WB_696_PUBLIC_SECTOR_MANAGEMENT,WB_840_JUSTICE,WB_1014_CRIMINAL_JUSTICE,TRIAL,TAX_FNCACT,TAX_FNCACT_LAWYER,SANCTIONS,BAN]",[1#United Kingdom#UK#UK#54#-4#U],[david smilli],[british columbia securities commissio]
32,https://www.oxfordmail.co.uk/news/national/uk-today/24514162.pregnant-women-urged-get-vaccine-rsv-infection/,Pregnant women urged to get vaccine against RSV infection,"All women who are at least 28 weeks pregnant on September 1 will be offered a single dose of a vaccine that guards against Respiratory Syncytial Virus (RSV).

RSV infects around 90% of children within the first two years of life with most cases causing mild, cold-like symptoms.

However, it can also lead to severe lung infections, including pneumonia and infant bronchiolitis, and is a leading cause of infant mortality globally.

Premature babies, older adults, people with heart and lung disease or anyone with a weak immune system are at greater risk.

It accounts for approximately 20,000 hospital admissions in children under one year and is responsible for 20 to 30 infant deaths in the UK each year, Sky News reports.

'I urge all those eligible to take up the offer'

The UK Health Security Agency (UKHSA) shared that a recent analysis showed the new vaccination programme could prevent 5,000 hospital admissions and 15,000 emergency department attendances for infants.

Professor Dame Jenny Harries, chief executive of the UKHSA, said the vaccination programmes would protect lives as well as ease NHS winter pressures.

""The vaccine is a truly positive moment for the public's health,"" she said. ""I urge all those eligible, to take up the offer when the programmes begin in September.""

Andrew Gwynne, minister for public health and prevention, said: “Maternal vaccinations are crucial to protect newborns from life-threatening illnesses like RSV.

Recommended reading:

How much sleep does my child need and how do I make sure they are well rested?

The £4 hack parents need to know to keep their kids entertained in the car

Here are 13 safety precautions to take before leaving your child home alone

“Sadly my grandson caught RSV, just days after he was born. It led to weeks in intensive care and persistent, long-lasting health issues. I wouldn’t wish that on any family.

“This new vaccine programme offers us an opportunity to prevent similar trauma, helping stop thousands of hospitalisations while saving precious lives.

“I urge everyone eligible to get the vaccine. By doing so, you will provide protection from the first day of your baby’s life and safeguard your child’s future.”","[TAX_FNCACT,TAX_FNCACT_WOMEN,GENERAL_HEALTH,HEALTH_VACCINATION,WB_642_CHILD_HEALTH,WB_1459_IMMUNIZATIONS,WB_621_HEALTH_NUTRITION_AND_POPULATION,WB_639_REPRODUCTIVE_MATERNAL_AND_CHILD_HEALTH,UNGP_HEALTHCARE,TAX_DISEASE,TAX_DISEASE_RESPIRATORY_SYNCYTIAL_VIRUS,TAX_FNCACT_CHILDREN,TAX_DISEASE_PNEUMONIA,TAX_DISEASE_BRONCHIOLITIS,APPOINTMENT,TAX_DISEASE_DISEASE,WB_1406_DISEASES,TAX_FNCACT_BABIES,MEDICAL,SOC_POINTSOFINTEREST,SOC_POINTSOFINTEREST_HOSPITAL,CRISISLEX_C03_WELLBEING_HEALTH,KILL,CRISISLEX_C07_SAFETY,CRISISLEX_CRISISLEXREC,EDUCATION,TAX_FNCACT_PROFESSOR,TAX_FNCACT_CHIEF,TAX_FNCACT_EXECUTIVE,TAX_FNCACT_CHIEF_EXECUTIVE,WB_635_PUBLIC_HEALTH,TAX_FNCACT_MINISTER,WB_2024_ANTI_CORRUPTION_AUTHORITIES,WB_696_PUBLIC_SECTOR_MANAGEMENT,WB_831_GOVERNANCE,WB_832_ANTI_CORRUPTION,WB_2026_PREVENTION,TAX_DISEASE_TRAUMA,CRISISLEX_T11_UPDATESSYMPATHY,TAX_FNCACT_BABY,TAX_FNCACT_CHILD]",[1#United Kingdom#UK#UK#54#-4#U],"[andrew gwynne,dame jenny harrie]",[united kingdom health security agenc]
32,https://www.yourlocalguardian.co.uk/news/national/uk-today/24512407.eras-tour-wembley-stadium-london---know/,The Eras Tour at Wembley Stadium in London - What to know,"The ‘You Belong With Me’ singer was previously in the capital back in June for three dates and I was lucky enough to get tickets to the star's shows.

Being a fan of Swift since I was eight years old, I remember the first time I heard her sing.

She performed on the late Steve Wright’s show where she played ‘Teardrops on My Guitar’ and I was immediately mesmerised.

At that moment, I became a lifelong fan.

Since I first heard that song, I’ve been able to be a ‘Swiftie’ throughout her Grammy-winning career.

I have brought all her albums, own the All Too Well (Taylor’s Version) Red scarf and seen her on the 1989 World Tour in London’s Hyde Park.

Unable to afford tickets to her Reputation tour, I made it my mission to save up and get tickets to see her again for the Eras Tour.

After waiting nearly 10 years and with the help of the Midnights Pre-sale, I was able to do just that and was lucky enough to bag two shows, for 'nosebleed tickets' and standing in June.

Now, in just a few days, thousands more Swifties will be able to see the ‘Mean’ singer and her three-hour Eras show for possibly the first time.

But before you do, here are some things you need to know as a Swiftie who has already seen the star in London.

5 things you need to know for the Eras Tour from a Swiftie

Buy your merch before the show

If you can, try and buy your merch before going to the show and then go back to your accommodation to get ready.

I stayed in a hotel a little past Wembley and was able to buy merch and the stops along Wembley Way and then head to my hotel to get ready, so I didn’t have to carry it around for the show.

Knowing I wanted to buy a fair few items, I didn’t want to carry the bag around or even worse, lose any of the merch.

So, at around 12pm ish, I went to Wembley got the merch then headed to my hotel, eventually checked in, and had my merch all safe in my hotel room and not left to carry it for the show.

Don’t expect to get checked into your hotel early

This was something we learnt the hard way, if you are going to show the day after another show, do not expect to get checked in early.

As you can imagine, hotels are very busy, and staff are working very hard to make sure every Swiftie is happy and that may mean you have to wait until check-in time (typically 3pm).

Be prepared to get ready in the hotel’s lobby or restaurant or get ready very quickly (as I did) but don’t panic.

You won’t miss a thing and everyone else at the hotel is just as excited as you and is properly already singing.

Plan your way home

This was another thing I found out the hard way.

Despite planning our way back to the hotel from Wembley, we were left walking the majority of the hour-long walk.

I didn’t need to use the tube for our hotel, so I had planned what bus to get including where from and what would happen if I couldn’t get on one.

However, even when you make a plan - not everything goes the way it should.

Despite going to the correct bus stop (three times), the high road traffic and amount of people walking meant the buses were very busy or in some cases, not taking passengers.

Walking halfway to the hotel, I was able to get a lift for the other half, however, many others I met at the hotel had not and walked the entire uphill route.

If you’re planning your way home, make sure you have a backup.

You should know the walking route back and have a fully charged phone so you can contact someone if you get lost or need help.

Be prepared for sun and heat

Wembley Stadium is a fantastic venue, but the open-roof spot does not have air conditioning or shade.

It can get very hot when you're in direct sunlight.

Make sure you bring sunglasses, wear sunscreen, have a hat and drink plenty fluids.

The most important thing I can tell you as a Swiftie who’s already been to the Eras Tour is to drink water and stay hydrated, you don’t want to miss out on any of the shows so make sure you’re feeling healthy and hydrated.

You can sit down

The Eras Tour is a long show - it goes on for more than three hours and while there’s no doubt that it’s amazing and worth every second, it can hurt the feet.

Do not feel ashamed if you need to sit down for a while and take the pressure off your feet, I will admit that I did sit down during some of Swift’s slower songs.

RECOMMENDED READING

Ultimate guide of everything you need to know for Taylor Swift Eras Tour Wembley

Know Taylor Swift’s lyrics ‘All too Well’? Prove it with our Eras Tour quiz

Bonus tip - Have fun and enjoy it

A lot of people (me included) have waited a long time to see Swift and the Eras Tour, and you might get overwhelmed and forget to enjoy it.

But, take a minute to take it all in and then have the time of your life, sing every song, dance all night and just enjoy yourself.","[TAX_FNCACT,TAX_FNCACT_SINGER,WB_2670_JOBS,WB_696_PUBLIC_SECTOR_MANAGEMENT,WB_2048_COMPENSATION_CAREERS_AND_INCENTIVES,WB_723_PUBLIC_ADMINISTRATION,WB_724_HUMAN_RESOURCES_FOR_PUBLIC_SECTOR,EPU_CATS_MIGRATION_FEAR_FEAR,MANMADE_DISASTER_IMPLIED,PUBLIC_TRANSPORT,TRAFFIC,UNGP_FORESTS_RIVERS_OCEANS,WB_137_WATER]","[4#Wembley, Brent, United Kingdom#UK#UKB5#51.55#-0.283333#-2611120,4#London, London, City Of, United Kingdom#UK#UKH9#51.5#-0.116667#-260188]",[steve wrigh],[]
32,https://www.juneesoutherncross.com.au/story/8728509/2025-hyundai-palisade-is-trying-to-go-bold-and-beautiful/?cs=6417,2025 Hyundai Palisade is trying to go bold and beautiful,"The new-generation Hyundai Palisade is set to get fresh looks which could prove as controversial as those of the recently redesigned Santa Fe.

Subscribe now for unlimited access .

or signup to continue reading

All articles from our website

The digital version of Today's Paper

Breaking news alerts direct to your inbox

All articles from the other in your area

Images shared by South Korean publication Autospy show the Palisade wearing more revealing camouflage than previously seen, previewing vertically oriented headlights and tail lights which adopt the pixel-like style seen on the electric Ioniq 5.

This is different from the more complex light patterns seen on the new Santa Fe, however the Palisade looks to be following its fellow three-row SUV's path of featuring increasingly boxy exterior bodywork.

2025 Hyundai Palisade is trying to go bold and beautiful

2025 Hyundai Palisade is trying to go bold and beautiful

As well as featuring integrated roof rails, the spied Palisade sports gloss black wheel arch trim, rather than the matte grey or body-coloured elements of the current model.

Though Hyundai is yet to make any official announcements, reports from South Korea last year claimed the new Palisade will no longer be available with its existing 2.2-litre four-cylinder turbo-diesel and 3.8-litre V6 petrol engines.

Instead, a pair of turbo-petrol offerings will power the large SUV, with a 2.5-litre four-cylinder hybrid and a 3.5-litre V6 to replace the current drivetrains.

2025 Hyundai Palisade is trying to go bold and beautiful

2025 Hyundai Palisade is trying to go bold and beautiful

Reports have also suggested the Palisade is set to become even larger, providing more space for second- and third-row occupants.

Hyundai has sold more than 2000 Palisades in Australia so far this year, though its popularity is down by about 12 per cent compared to the same period in 2024.

By comparison, 3072 Santa Fes were sold between January and July, while the Toyota Kluger notched up 5861 sales.

MORE: Everything Hyundai PalisadeMORE: 2025 Hyundai Palisade could come sooner than expectedMORE: 2025 Hyundai Palisade's luxurious interior spiedMORE: 2025 Hyundai Palisade to say goodbye to diesel, hello hybrid

Content originally sourced from: CarExpert.com.au

Advertisement

Ad

Advertisement

Ad",[],"[1#South Korea#KS#KS#37#127.5#KS,1#Australia#AS#AS#-25#135#A]",[toyota kluge],[hyunda]
32,https://www.bromsgroveadvertiser.co.uk/news/national/uk-today/24512407.eras-tour-wembley-stadium-london---know/,The Eras Tour at Wembley Stadium in London - What to know,"The ‘You Belong With Me’ singer was previously in the capital back in June for three dates and I was lucky enough to get tickets to the star's shows.

Being a fan of Swift since I was eight years old, I remember the first time I heard her sing.

She performed on the late Steve Wright’s show where she played ‘Teardrops on My Guitar’ and I was immediately mesmerised.

At that moment, I became a lifelong fan.

Since I first heard that song, I’ve been able to be a ‘Swiftie’ throughout her Grammy-winning career.

I have brought all her albums, own the All Too Well (Taylor’s Version) Red scarf and seen her on the 1989 World Tour in London’s Hyde Park.

Unable to afford tickets to her Reputation tour, I made it my mission to save up and get tickets to see her again for the Eras Tour.

After waiting nearly 10 years and with the help of the Midnights Pre-sale, I was able to do just that and was lucky enough to bag two shows, for 'nosebleed tickets' and standing in June.

Now, in just a few days, thousands more Swifties will be able to see the ‘Mean’ singer and her three-hour Eras show for possibly the first time.

But before you do, here are some things you need to know as a Swiftie who has already seen the star in London.

5 things you need to know for the Eras Tour from a Swiftie

Buy your merch before the show

If you can, try and buy your merch before going to the show and then go back to your accommodation to get ready.

I stayed in a hotel a little past Wembley and was able to buy merch and the stops along Wembley Way and then head to my hotel to get ready, so I didn’t have to carry it around for the show.

Knowing I wanted to buy a fair few items, I didn’t want to carry the bag around or even worse, lose any of the merch.

So, at around 12pm ish, I went to Wembley got the merch then headed to my hotel, eventually checked in, and had my merch all safe in my hotel room and not left to carry it for the show.

Don’t expect to get checked into your hotel early

This was something we learnt the hard way, if you are going to show the day after another show, do not expect to get checked in early.

As you can imagine, hotels are very busy, and staff are working very hard to make sure every Swiftie is happy and that may mean you have to wait until check-in time (typically 3pm).

Be prepared to get ready in the hotel’s lobby or restaurant or get ready very quickly (as I did) but don’t panic.

You won’t miss a thing and everyone else at the hotel is just as excited as you and is properly already singing.

Plan your way home

This was another thing I found out the hard way.

Despite planning our way back to the hotel from Wembley, we were left walking the majority of the hour-long walk.

I didn’t need to use the tube for our hotel, so I had planned what bus to get including where from and what would happen if I couldn’t get on one.

However, even when you make a plan - not everything goes the way it should.

Despite going to the correct bus stop (three times), the high road traffic and amount of people walking meant the buses were very busy or in some cases, not taking passengers.

Walking halfway to the hotel, I was able to get a lift for the other half, however, many others I met at the hotel had not and walked the entire uphill route.

If you’re planning your way home, make sure you have a backup.

You should know the walking route back and have a fully charged phone so you can contact someone if you get lost or need help.

Be prepared for sun and heat

Wembley Stadium is a fantastic venue, but the open-roof spot does not have air conditioning or shade.

It can get very hot when you're in direct sunlight.

Make sure you bring sunglasses, wear sunscreen, have a hat and drink plenty fluids.

The most important thing I can tell you as a Swiftie who’s already been to the Eras Tour is to drink water and stay hydrated, you don’t want to miss out on any of the shows so make sure you’re feeling healthy and hydrated.

You can sit down

The Eras Tour is a long show - it goes on for more than three hours and while there’s no doubt that it’s amazing and worth every second, it can hurt the feet.

Do not feel ashamed if you need to sit down for a while and take the pressure off your feet, I will admit that I did sit down during some of Swift’s slower songs.

RECOMMENDED READING

Ultimate guide of everything you need to know for Taylor Swift Eras Tour Wembley

Know Taylor Swift’s lyrics ‘All too Well’? Prove it with our Eras Tour quiz

Bonus tip - Have fun and enjoy it

A lot of people (me included) have waited a long time to see Swift and the Eras Tour, and you might get overwhelmed and forget to enjoy it.

But, take a minute to take it all in and then have the time of your life, sing every song, dance all night and just enjoy yourself.","[TAX_FNCACT,TAX_FNCACT_SINGER,WB_2670_JOBS,WB_696_PUBLIC_SECTOR_MANAGEMENT,WB_2048_COMPENSATION_CAREERS_AND_INCENTIVES,WB_723_PUBLIC_ADMINISTRATION,WB_724_HUMAN_RESOURCES_FOR_PUBLIC_SECTOR,EPU_CATS_MIGRATION_FEAR_FEAR,MANMADE_DISASTER_IMPLIED,PUBLIC_TRANSPORT,TRAFFIC,UNGP_FORESTS_RIVERS_OCEANS,WB_137_WATER]","[4#London, London, City Of, United Kingdom#UK#UKH9#51.5#-0.116667#-2601889,4#Wembley, Brent, United Kingdom#UK#UKB5#51.55#-0.283333#-261112]",[steve wrigh],[]
30,https://www.bicesteradvertiser.net/news/national/uk-today/24514162.pregnant-women-urged-get-vaccine-rsv-infection/,Pregnant women urged to get vaccine against RSV infection,"All women who are at least 28 weeks pregnant on September 1 will be offered a single dose of a vaccine that guards against Respiratory Syncytial Virus (RSV).

RSV infects around 90% of children within the first two years of life with most cases causing mild, cold-like symptoms.

However, it can also lead to severe lung infections, including pneumonia and infant bronchiolitis, and is a leading cause of infant mortality globally.

Premature babies, older adults, people with heart and lung disease or anyone with a weak immune system are at greater risk.

It accounts for approximately 20,000 hospital admissions in children under one year and is responsible for 20 to 30 infant deaths in the UK each year, Sky News reports.

'I urge all those eligible to take up the offer'

The UK Health Security Agency (UKHSA) shared that a recent analysis showed the new vaccination programme could prevent 5,000 hospital admissions and 15,000 emergency department attendances for infants.

Professor Dame Jenny Harries, chief executive of the UKHSA, said the vaccination programmes would protect lives as well as ease NHS winter pressures.

""The vaccine is a truly positive moment for the public's health,"" she said. ""I urge all those eligible, to take up the offer when the programmes begin in September.""

Andrew Gwynne, minister for public health and prevention, said: “Maternal vaccinations are crucial to protect newborns from life-threatening illnesses like RSV.

Recommended reading:

How much sleep does my child need and how do I make sure they are well rested?

The £4 hack parents need to know to keep their kids entertained in the car

Here are 13 safety precautions to take before leaving your child home alone

“Sadly my grandson caught RSV, just days after he was born. It led to weeks in intensive care and persistent, long-lasting health issues. I wouldn’t wish that on any family.

“This new vaccine programme offers us an opportunity to prevent similar trauma, helping stop thousands of hospitalisations while saving precious lives.

“I urge everyone eligible to get the vaccine. By doing so, you will provide protection from the first day of your baby’s life and safeguard your child’s future.”","[TAX_FNCACT,TAX_FNCACT_WOMEN,GENERAL_HEALTH,HEALTH_VACCINATION,WB_642_CHILD_HEALTH,WB_1459_IMMUNIZATIONS,WB_621_HEALTH_NUTRITION_AND_POPULATION,WB_639_REPRODUCTIVE_MATERNAL_AND_CHILD_HEALTH,UNGP_HEALTHCARE,TAX_DISEASE,TAX_DISEASE_RESPIRATORY_SYNCYTIAL_VIRUS,TAX_FNCACT_CHILDREN,TAX_DISEASE_PNEUMONIA,TAX_DISEASE_BRONCHIOLITIS,APPOINTMENT,TAX_DISEASE_DISEASE,WB_1406_DISEASES,TAX_FNCACT_BABIES,MEDICAL,SOC_POINTSOFINTEREST,SOC_POINTSOFINTEREST_HOSPITAL,CRISISLEX_C03_WELLBEING_HEALTH,KILL,CRISISLEX_C07_SAFETY,CRISISLEX_CRISISLEXREC,EDUCATION,TAX_FNCACT_PROFESSOR,TAX_FNCACT_CHIEF,TAX_FNCACT_EXECUTIVE,TAX_FNCACT_CHIEF_EXECUTIVE,WB_635_PUBLIC_HEALTH,TAX_FNCACT_MINISTER,WB_2024_ANTI_CORRUPTION_AUTHORITIES,WB_696_PUBLIC_SECTOR_MANAGEMENT,WB_831_GOVERNANCE,WB_832_ANTI_CORRUPTION,WB_2026_PREVENTION,TAX_DISEASE_TRAUMA,CRISISLEX_T11_UPDATESSYMPATHY,TAX_FNCACT_BABY,TAX_FNCACT_CHILD]",[1#United Kingdom#UK#UK#54#-4#U],"[dame jenny harries,andrew gwynn]",[united kingdom health security agenc]
29,https://www.westerntelegraph.co.uk/news/24513679.can-appeal-speeding-ticket-know/,Can you appeal against a speeding ticket? What to know,"Although most of the time, the digital camera is correct in finding drivers going too fast and breaking speed regulations, it can sometimes make a mistake.

Many drivers may think that you can not appeal against speed cameras, however, in the UK, you can.

Find out how below and what you need to appeal against speed cameras.

How you can appeal a speed camera fine

You can appeal a speed camera fine but you have to do so in a specific way, it must be in writing and state the reason you believe the fine is wrong.

You should also include the driver's information and return the form within 28 days.

Once you have responded to the speeding ticket believing you are not guilty, you will be sent a court summons.

You can choose to represent yourself or contact a solicitor and gather information and evidence that you will present in court.

RECOMMENDED READING

What happens after you’ve been caught by a speed camera?

Following the summons, you will either be giving a verdict on the day or receive it in the post in writing.

Should I appeal my speeding ticket?

Refused CarFinance shares that the following reasons are reasonable to appeal a speeding ticket:

It was issued to someone other than the intended recipient.

No speed limit sign where the offence took place.

The NIP was not sent within 14 days of the alleged offence.

You think the fine does not reflect the severity of the offence.

You had to speed due to ‘exceptional circumstances’.

You want to dispute the accuracy of the average speed camera.

How long do you have to appeal a speeding ticket?

If you disagree with a speeding ticket you have 28 days to tell NIP, if you are out of this time frame, you will not be allowed to appeal.","[TAX_FNCACT,TAX_FNCACT_DRIVERS,USPEC_POLICY1,TAX_FNCACT_DRIVER,TAX_FNCACT_SOLICITOR,TRIAL,USPEC_UNCERTAINTY1]",[1#United Kingdom#UK#UK#54#-4#U],[],[]
29,https://www.kgou.org/world/2024-08-12/bangladesh-in-the-new-era,Bangladesh in the new era,"MARY LOUISE KELLY, HOST:

It's been a week since a student movement in Bangladesh toppled that country's leader, the autocratic Prime Minister Sheikh Hasina. This is the sound of protesters overrunning her residence. It seems, though, that life has already largely returned to normal, at least in the capital, Dhaka. Our correspondent Diaa Hadid is there right now to give us a sense of what the country looks like a week after the prime minister fled on a military helicopter. Hey there, Diaa.

DIAA HADID, BYLINE: Hello.

KELLY: Hi. So I have been so curious what life there looks and feels like. I know you've been on the streets. Tell me what you're seeing.

HADID: Well, Dhaka's famous gridlock is back but with a twist. This is a city of Gen Z, the teenagers and young adults who overthrew the former prime minister. And now, they're on every street corner, directing traffic in a city of more than 10 million people. And these are girl scouts with braids, teenagers with pimples, lots of young men, women in headscarves, and they've got whistles, sticks, stop-go signs, and motorists obey them.

At one large intersection, it was like they were conducting this chaotic ballet when they had to stop traffic on all sides for an ambulance to punch through. Have a listen.

(SOUNDBITE OF AMBULANCE SIREN)

HADID: It was nuts. They're on the streets because the police melted away after Sheikh Hasina fled the country. The police were blamed for the violent crackdown on protesters that killed more than 300 people. And these police are filtering back now, but they're vastly outnumbered by students on the streets. And these students are also all over painting revolutionary murals like Mumtahana Munir Mitti. She's 19 and studies engineering. And she says her generation was long dismissed.

MUMTAHANA MUNIR MITTI: We youth are not only the generation of Facebook, YouTube and Instagram. We also love our country. And we also love to participate in rebuilding of our country.

KELLY: Love to participate in rebuilding. I mean, she sounds joyful, Diaa. I'm imagining, though, there must also be fear, anxiety, so much change happening at once. What are people telling you?

HADID: Yeah. Of course, people are worried about their safety. There's no police out there. But it's a particularly lively concern for Hindus. They number about 13 million people in a country that's overwhelmingly Muslim. And we were out in a Hindu-dominated quarter today. It's famous for its gold jewelry market. But many Hindu sellers haven't put out their jewelry displays. They're afraid. They say they're particularly vulnerable because they're seen as sympathetic to the former prime minister, Sheikh Hasina. She's a woman who's openly despised, and yet many Hindus I spoke to said they felt protected under her rule. And they're not sure if the next government will be as sympathetic to them.

KELLY: Well, and before we get to the next government, just who is running things now? There's an interim government?

HADID: Yes. The interim government is led by the Nobel Laureate Muhammad Yunus. He's widely respected by Bangladeshis, which is good because he's got a giant job. He and his government have to rebuild the police. They've got to undertake deep legal reforms. They've got to prepare for the next elections. They've also got to keep the lights on, the trains running. There's a lot of moving parts. And analysts and diplomats I've spoken to are nervous that the team around Yunus doesn't have the policy experience or political chops to navigate all of this.

KELLY: Well, and one more thing I was wondering about, which is the economy. How is the economy doing with all this upheaval?

HADID: Right. Well, the thing is there's a lot of expectations out here because the economy here was battered because of COVID and rising inflation. And so today we were speaking to a rickshaw cyclist, and he told us his daughter's stuck at home because he can't afford to send her off to college. He can't afford to marry her off either. His son is 16, not in school, unemployed. He says his family's stuck. He wants the government to make food cheaper and create jobs, and that's echoed all across the city. It's hard to imagine how one interim government can pull all this off. And so Bangladeshis right now are waiting, but for how long?

KELLY: NPR's Diaa Hadid bringing us the sounds and sights from Dhaka in Bangladesh. Thank you, Diaa.

HADID: Thank you, Mary Louise. Transcript provided by NPR, Copyright NPR.","[TAX_FNCACT,TAX_FNCACT_LEADER,GENERAL_GOVERNMENT,EPU_POLICY,EPU_POLICY_GOVERNMENT,EPU_CATS_REGULATION]",[1#Bangladesh#BG#BG#24#90#B],[sheikh hasin],[]
28,https://www.wcsufm.org/latest-from-npr/2024-08-13/kentucky-moves-to-expand-a-state-law-to-make-it-easier-to-rock-climb-on-private-land,Kentucky moves to expand a state law to make it easier to rock climb on private land,"STEVE INSKEEP, HOST:

The mountains of eastern Kentucky include rugged rock faces that make people want to climb. I remember my college days, going to Kentucky's Red River Gorge and scrambling up a rock feature called Half Moon - and that's when my fear of heights kicked in. Anyway, the same gorge has real rock climbers, and those climbers face a tricky situation, because some of the best rock faces are on private land. Kentucky Public Radio's Justin Hicks reports on a move to expand a law to make it easier to get on the rock.

JUSTIN HICKS, BYLINE: Deep in Kentucky's Red River Gorge, famous for its sandstone arches, I set out on an adventure with Curtis Rogers and Jereme Ransick. There are no trails, so we rely on GPS and a decent bit of memory.

JEREME RANSICK: I think I walked through it, but it hadn't rained. Let's see how bad the...

CURTIS ROGERS: Yeah.

RANSICK: ...The creek is.

HICKS: We follow a shallow creek, and scramble uphill on our hands and knees. Finally, there it is - a wall of rock, with metal bolts going up in vertical lines.

ROGERS: It's just - this is where we started, 'cause it was tall and begged to be climbed, I guess.

HICKS: Ransick and Rogers are with the Red River Gorge Climbers' Coalition. They put in those bolts for climbing, and they have big plans for this massive cliff.

ROGERS: Yeah, so ultimately, the vision is that there's a parking lot and trails that we would have hiked to get here.

HICKS: They set off to climb, while I watch from below. Ian Teal owns this cliff, and he says before he bought the land for a cabin resort, climbers weren't allowed here.

IAN TEAL: The previous owner, he and I were really good friends, but it was - the only reason he wouldn't do it is for legal reasons. He really thought he could be sued.

HICKS: He made a legal deal with the climbers' coalition in case someone gets hurt on his land, and Teal hopes climbing will draw people to his cabins. At a nearby pizza joint popular with climbers, Rogers tells me the sandstone formations here make this a mecca for climbers.

ROGERS: There's a subset of the population around the world that thinks of rock climbing when they think of Kentucky, just as much as they think of bourbon or horse racing or anything else.

HICKS: Rogers wants Kentucky lawmakers to make private landowners more comfortable about letting climbers onto their cliffs. They want the words rock climbing inserted into a state law that already protects landowners from being sued if someone gets hurt during a recreational activity on their land. Right now, that law lists some examples - things ranging from hunting and horseback riding to picnicking - but it does not include rock climbing. Having it spelled out would make landowners like Teal a little more comfortable.

TEAL: This is very important legislation to all of us because it does give that extra bit of guarantee.

HICKS: A guarantee that landowners can't get sued. And Kentucky isn't the only state where rock climbers have pushed for that protection. Daniel Dunn is with a rock climbing advocacy group called the Access Fund. He says in the past few years, they helped get similar laws passed in Colorado, Texas and West Virginia.

DANIEL DUNN: Where there are states that have lots of rock climbing potential, plus a lot of private land, it's sort of, like, a no-brainer that it's an easy thing for us to work on.

HICKS: Dunn lives in east Tennessee. He says rock climbing is especially good for central Appalachian states searching to decouple from a dying coal industry.

DUNN: We need something new, and we have a sort of unofficial thing. We've talked about, from coal to crags, as sort of, like, a little pitch line, slogan (laughter). Yeah, but I think rock climbing can play that role.

HICKS: Dunn says state leaders are generally pretty happy to add rock climbing to their land-use laws. The climbers in Kentucky got a positive response when they pitched the extra words to lawmakers a few weeks ago. They hope they'll add rock climbing as a recreational activity when they meet for their next legislative session in January.

For NPR News, I'm Justin Hicks, at the Red River Gorge in Kentucky.

(SOUNDBITE OF PRO POP NATION'S ""OPHELIA"") Transcript provided by NPR, Copyright NPR.","[LEADER,TAX_FNCACT,TAX_FNCACT_LAWMAKERS,USPEC_POLITICS_GENERAL1,EPU_POLICY,EPU_POLICY_LAWMAKERS,EPU_CATS_REGULATION]","[2#Kentucky, United States#US#USKY#37.669#-84.6514#K]",[],[]
28,https://wpde.com/news/nation-world/trump-kamala-harris-propose-ending-tax-on-tips-raising-fiscal-concerns-2024-election-voters-congress-minimum-wage-government-fact-check-team,"Fact Check Team: Trump and Harris propose ending tax on tips, raising fiscal concerns","Former President Donald Trump and Vice President Kamala Harris want to end taxes on tips for workers.

Trump started touting this idea at the beginning of the summer. A similar was introduced in July and is .

""We will eliminate taxes on tips for millions of restaurant and hospitality workers, and pursue additional tax cuts,"" .

During a campaign , Harris said she supports raising the minimum wage.

It is my promise to everyone here when I am president, we will continue to fight for working families, including to raise the minimum wage and eliminate taxes on tips for service and hospitality workers.

Several analyses show these proposals would take money away from the federal government.

“We estimate exempting all tip income from federal income and payroll taxes would reduce federal revenues by $150 to $250 billion over ten years on a static basis and could reduce revenue significantly more once behavioral effects are incorporated,"" the Committee for a Responsible Federal Budget said of

“We estimate exempting tip income from federal income taxes and raising the minimum wage would increase deficits by $100 to $200 billion over ten years before accounting for changes in tipping behavior; the proposal could increase deficits more once behavioral effects are fully incorporated,"" the Committee explained of

History of Tipping

The practice of tipping dates back to medieval times in Europe, when masters would offer their servants extra pay for performing well. But it later transformed into common practice in the U.S. after the Civil War. According to historians, many freed slaves took on positions as servants, barbers, waiters, etc. and were either paid nothing or very little under the condition that guests would offer a small tip instead. But by 1938, (FSLA) which said employers need to pay their tipped employees a minimum wage.

Currently, the main is $7.25 and the minimum wage for tipped employees is $2.13.

When the 1938 FLSA law was passed it allowed tips to get counted towards wages, making them taxable income. But it wasn’t until 1982 that the Federal Government really started cracking down on reporting tips and ensuring that they’re taxed. to generate more through tax increases, spending cuts, and other measures. The TEFRA Act requires employees to report tips to their employers and requires employers to ensure their employees are complying with tip reporting protocol.","[LEADER,TAX_FNCACT,TAX_FNCACT_PRESIDENT,USPEC_POLITICS_GENERAL1,TAX_FNCACT_VICE_PRESIDENT,USPEC_POLICY1,EPU_CATS_TAXES,TAX_FNCACT_WORKERS,GENERAL_GOVERNMENT,EPU_POLICY,EPU_POLICY_CONGRESS,ECON_TAXATION,EPU_POLICY_TAX,WB_856_WAGES,WB_1654_ACTIVE_LABOR_MARKET_POLICIES,WB_855_LABOR_MARKETS,WB_697_SOCIAL_PROTECTION_AND_LABOR,WB_1671_MINIMUM_WAGES,WB_1668_LABOR_STANDARDS,EPU_CATS_REGULATION,UNGP_JOB_OPPORTUNITIES_EMPLOYMENT,EPU_POLICY_GOVERNMENT,EPU_POLICY_BUDGET,EPU_CATS_FISCAL_POLICY,TAX_FNCACT_SERVANTS,ARMEDCONFLICT,EPU_CATS_NATIONAL_SECURITY,REBELLION,WB_739_POLITICAL_VIOLENCE_AND_CIVIL_WAR,WB_738_SOCIAL_COHESION,WB_134_SOCIAL_DEVELOPMENT,TAX_FNCACT_SLAVES,SOC_SLAVERY,TAX_FNCACT_EMPLOYERS,WB_2690_CATEGORIES_OF_EMPLOYMENT,WB_2670_JOBS,WB_2689_JOBS_DIAGNOSTICS,WB_2704_EMPLOYER,TAX_FNCACT_EMPLOYEES,LEGISLATION,EPU_POLICY_LAW,UNREST_CRACKDOWN,ECON_BUDGET_DEFICIT,EPU_POLICY_SPENDING]","[3#Washington, Washington, United States#US#USDC#38.8951#-77.0364#53187]","[kamala harris,donald trum]",[]
26,https://newschannel9.com/news/nation-world/trump-kamala-harris-propose-ending-tax-on-tips-raising-fiscal-concerns-2024-election-voters-congress-minimum-wage-government-fact-check-team,"Fact Check Team: Trump and Harris propose ending tax on tips, raising fiscal concerns","Former President Donald Trump and Vice President Kamala Harris want to end taxes on tips for workers.

Trump started touting this idea at the beginning of the summer. A similar was introduced in July and is .

""We will eliminate taxes on tips for millions of restaurant and hospitality workers, and pursue additional tax cuts,"" .

During a campaign , Harris said she supports raising the minimum wage.

It is my promise to everyone here when I am president, we will continue to fight for working families, including to raise the minimum wage and eliminate taxes on tips for service and hospitality workers.

Several analyses show these proposals would take money away from the federal government.

“We estimate exempting all tip income from federal income and payroll taxes would reduce federal revenues by $150 to $250 billion over ten years on a static basis and could reduce revenue significantly more once behavioral effects are incorporated,"" the Committee for a Responsible Federal Budget said of

“We estimate exempting tip income from federal income taxes and raising the minimum wage would increase deficits by $100 to $200 billion over ten years before accounting for changes in tipping behavior; the proposal could increase deficits more once behavioral effects are fully incorporated,"" the Committee explained of

History of Tipping

The practice of tipping dates back to medieval times in Europe, when masters would offer their servants extra pay for performing well. But it later transformed into common practice in the U.S. after the Civil War. According to historians, many freed slaves took on positions as servants, barbers, waiters, etc. and were either paid nothing or very little under the condition that guests would offer a small tip instead. But by 1938, (FSLA) which said employers need to pay their tipped employees a minimum wage.

Currently, the main is $7.25 and the minimum wage for tipped employees is $2.13.

When the 1938 FLSA law was passed it allowed tips to get counted towards wages, making them taxable income. But it wasn’t until 1982 that the Federal Government really started cracking down on reporting tips and ensuring that they’re taxed. to generate more through tax increases, spending cuts, and other measures. The TEFRA Act requires employees to report tips to their employers and requires employers to ensure their employees are complying with tip reporting protocol.","[LEADER,TAX_FNCACT,TAX_FNCACT_PRESIDENT,USPEC_POLITICS_GENERAL1,TAX_FNCACT_VICE_PRESIDENT,USPEC_POLICY1,EPU_CATS_TAXES,TAX_FNCACT_WORKERS,GENERAL_GOVERNMENT,EPU_POLICY,EPU_POLICY_CONGRESS,ECON_TAXATION,EPU_POLICY_TAX,WB_856_WAGES,WB_1654_ACTIVE_LABOR_MARKET_POLICIES,WB_855_LABOR_MARKETS,WB_697_SOCIAL_PROTECTION_AND_LABOR,WB_1671_MINIMUM_WAGES,WB_1668_LABOR_STANDARDS,EPU_CATS_REGULATION,UNGP_JOB_OPPORTUNITIES_EMPLOYMENT,EPU_POLICY_GOVERNMENT,EPU_POLICY_BUDGET,EPU_CATS_FISCAL_POLICY,TAX_FNCACT_SERVANTS,ARMEDCONFLICT,EPU_CATS_NATIONAL_SECURITY,REBELLION,WB_739_POLITICAL_VIOLENCE_AND_CIVIL_WAR,WB_738_SOCIAL_COHESION,WB_134_SOCIAL_DEVELOPMENT,TAX_FNCACT_SLAVES,SOC_SLAVERY,TAX_FNCACT_EMPLOYERS,WB_2690_CATEGORIES_OF_EMPLOYMENT,WB_2670_JOBS,WB_2689_JOBS_DIAGNOSTICS,WB_2704_EMPLOYER,TAX_FNCACT_EMPLOYEES,LEGISLATION,EPU_POLICY_LAW,UNREST_CRACKDOWN,ECON_BUDGET_DEFICIT,EPU_POLICY_SPENDING]","[3#Washington, Washington, United States#US#USDC#38.8951#-77.0364#53187]","[donald trump,kamala harri]",[]
25,https://www.abc-7.com/article/fruits-veggies-washing-pesticides/61858290,Washing your fruits and veggies isn't enough anymore. Here's how to kill pesticides,"Here's what experts are saying.

You probably know better than to eat a strawberry straight from of the carton without washing it. Fruits and veggies are often coated in harmful pesticides to ward off pests when they're growing. These chemicals are not exactly safe for human consumption either.And while you probably rinse off your produce in a colander before eating it, new research suggests even a thorough wash with water isn't enough to properly get rid of all the pesticides. Related video above: More about a study about washing your fruits and vegetablesIn new study published in the American Chemical Society’s journal Nano Letters, experts found that simply washing your fruits and vegetables in the sink ""cannot wholly remove pesticides"" because they can actually ""penetrate the peel layer into the pulp layer."" That doesn't, however, mean you are destined to a life of pesticide-ridden apples and oranges. They advise to avoid eating the peel.""Rather than fostering undue apprehension, the research posits that peeling can effectively eliminate nearly all pesticide residues, contrasted with the frequently recommended practice of washing,"" study co-author Professor Dongdong Ye said. According to food scientist and author of ""150 Food Science Questions Answered,"" Dr. Bryan Quoc Le, the pesticides left behind on the skin of produce are fat-soluble, which basically just means they aren't as easy to get rid of. ""Most commercial operations already wash or rinse their produce for distribution and sale. However, effective treatments for removing the vast majority of pesticides peeling, rinsing in chemical treatments, and blanching,"" Dr. Le tells Delish. ""Other potential methods for reducing pesticide levels are pickling and fermentation, as microorganisms and acids help to decompose pesticides into harmless molecules over time."" If you're not planning to peel your fruit and vegetables, he suggests soaking the produce in a solution of salt, a solution of baking soda, or a solution of vinegar. "" will help to remove many of the pesticides found in produce."" While the recent study has raised awareness regarding the issue, it's actually not new information. ""This issue has been known for quite some time in the research literature, as the waxy layers of produce hold on to pesticides and are very difficult to remove using water alone,"" he says. ""Other agents are needed to effectively remove the waxy layers. However, peeling remains the most effective way to remove a large concentration of pesticides."" While you're not going to die over one unwashed blueberry, long-term pesticide consumption can increase your risk of cancer and cause birth defects, fertility issues, neurodegenerative disease, and immune system disease, according to Dr. Le.

You probably know better than to eat a strawberry straight from of the carton without washing it. Fruits and veggies are often coated in harmful pesticides to ward off pests when they're growing. These chemicals are not exactly safe for human consumption either.

And while you probably rinse off your produce in a colander before eating it, new research suggests even a thorough wash with water isn't enough to properly get rid of all the pesticides.

Advertisement

Related video above: More about a study about washing your fruits and vegetables

In new study published in the American Chemical Society’s journal Nano Letters, experts found that simply washing your fruits and vegetables in the sink ""cannot wholly remove pesticides"" because they can actually ""penetrate the peel layer into the pulp layer.""

That doesn't, however, mean you are destined to a life of pesticide-ridden apples and oranges. They advise to avoid eating the peel.

Getty ImagesPhoto_Concepts

""Rather than fostering undue apprehension, the research posits that peeling can effectively eliminate nearly all pesticide residues, contrasted with the frequently recommended practice of washing,"" study co-author Professor Dongdong Ye said.

According to food scientist and author of ""150 Food Science Questions Answered,"" Dr. Bryan Quoc Le, the pesticides left behind on the skin of produce are fat-soluble, which basically just means they aren't as easy to get rid of.

""Most commercial [produce] operations already wash or rinse their produce for distribution and sale. However, effective treatments for removing the vast majority of pesticides [include] peeling, rinsing in chemical treatments, and blanching,"" Dr. Le tells Delish. ""Other potential methods for reducing pesticide levels are pickling and fermentation, as microorganisms and acids help to decompose pesticides into harmless molecules over time.""

If you're not planning to peel your fruit and vegetables, he suggests soaking the produce in a solution of salt, a solution of baking soda, or a solution of vinegar. ""[This] will help to remove many of the pesticides found in produce.""

While the recent study has raised awareness regarding the issue, it's actually not new information.

""This issue has been known for quite some time in the research literature, as the waxy layers of produce hold on to pesticides and are very difficult to remove using water alone,"" he says. ""Other agents are needed to effectively remove the waxy layers. However, peeling remains the most effective way to remove a large concentration of pesticides.""

While you're not going to die over one unwashed blueberry, long-term pesticide consumption can increase your risk of cancer and cause birth defects, fertility issues, neurodegenerative disease, and immune system disease, according to Dr. Le.","[WB_178_PEST_MANAGEMENT,WB_174_CROP_PRODUCTION,WB_435_AGRICULTURE_AND_FOOD_SECURITY,WB_1949_CLIMATE_SMART_AGRICULTURE,WB_2914_PESTICIDES,TAX_WORLDMAMMALS,TAX_WORLDMAMMALS_HUMAN,WB_137_WATER,TAX_ETHNICITY,TAX_ETHNICITY_AMERICAN,EDUCATION,TAX_FNCACT,TAX_FNCACT_PROFESSOR,SCIENCE,TAX_FNCACT_SCIENTIST,TAX_FNCACT_FOOD_SCIENTIST,TAX_FNCACT_AUTHOR,TAX_FNCACT_AGENTS,KILL,CRISISLEX_T03_DEAD,TAX_DISEASE,TAX_DISEASE_CANCER,WB_1406_DISEASES,WB_1431_CANCER,WB_621_HEALTH_NUTRITION_AND_POPULATION,WB_1427_NON_COMMUNICABLE_DISEASE_AND_INJURY,TAX_DISEASE_BIRTH_DEFECTS,GENERAL_HEALTH,TAX_DISEASE_DISEASE,UNGP_HEALTHCARE,TAX_DISEASE_NEURODEGENERATIVE_DISEASE]",[1#United States#US#US#39.828175#-98.5795#U],[bryan quoc l],[american chemical societ]
25,https://www.borehamwoodtimes.co.uk/news/national/24514909.police-officer-face-trial-next-year-pleading-not-guilty-rape/,Police officer to face trial next year after pleading not guilty to rape,"David Parsons, 28, a police constable based in South Worcestershire local policing area, is alleged to have committed the offence in January 2022.

West Mercia Police have previously said the charge relates to an incident off-duty and Parsons is currently suspended from duty.

A short hearing at Birmingham Crown Court on Tuesday saw Parsons formally deny the charge against him and be told he will stand trial on December 8 next year.

Parsons, from Worcester, was granted conditional bail by Judge Simon Drew, who told him: “I am adjourning your case for trial.

“I am sorry it is such a long way away but I am sure you know there is a huge backlog (of cases) here.”

The judge, who heard submissions from prosecution and defence barristers, was told the trial is expected to last for six days.

A pre-trial review was also ordered to take place on November 10 2025.","[SECURITY_SERVICES,TAX_FNCACT,TAX_FNCACT_POLICE,CRISISLEX_C07_SAFETY,TAX_FNCACT_CONSTABLE,CRISISLEX_C04_LOGISTICS_TRANSPORT,TRIAL,TAX_FNCACT_JUDGE,WB_696_PUBLIC_SECTOR_MANAGEMENT,WB_840_JUSTICE,WB_1014_CRIMINAL_JUSTICE]","[5#Worcestershire, Worcestershire, United Kingdom#UK#UKQ4#52.1667#-2.16667#-261211]","[david parsons,simon dre]","[birmingham crown court on,mercia polic]"
24,https://www.wcbe.org/npr-news/2024-08-13/a-study-examined-whether-our-individual-morals-change-with-the-seasons,A study examined whether our individual morals change with the seasons,"STEVE INSKEEP, HOST:

All right, let's talk for a moment about values. Most people would value fairness or loyalty or respect for authority. Many of us see these values as core to our identity.

IAN HOHM: People's moral values are things that people tend to think don't change.

INSKEEP: Ian Hohm is a Ph.D. student at the University of British Columbia, and he's been looking at whether moral values can change with the seasons. Where did he even get this idea? Well, Hohm and his team looked at five moral values. One was fairness, our desire for equity, equality - another was care, our desire to be kind and prevent harm to others. Those two do not change with the seasons.

HOHM: But what we did find varied with the seasons were these other three values. Those are loyalty, respect for authority and purity, which is sort of the valuation of your in-group's traditions.

INSKEEP: Wow, turns out we're more loyal in the spring and the fall than other times. Hohm says they're called binding values, and people tend to embrace them when they feel threatened or anxious.

HOHM: And we found that people tend to be most anxious in spring and autumn also and less anxious in mid-summer and mid-winter. And we think that that pattern helps account for the pattern we see in binding value endorsement.

INSKEEP: Now, it's not that our morals swing wildly, totally change from one season to the next.

HOHM: People shouldn't think that people are total rule-followers in spring and complete maverick non-conformists in summer. The effect on moral values is consistent, but it's also relatively small.

INSKEEP: Unless you're on the receiving end of the change.

HOHM: People who endorse binding values tend to be more punitive towards people who commit crimes. And if you think about the millions of court cases that happen every year, this change could potentially push some judges and some juries in really close call verdicts toward harsher punishments in spring and more lenient sentences in summer or during the winter holidays.

INSKEEP: Wow, so those small pushes could really add up. If you're going to be on trial, make sure it's in the winter, I guess.

(SOUNDBITE OF AMIINA'S ""PERTH"") Transcript provided by NPR, Copyright NPR.","[SCIENCE,TAX_FNCACT,TAX_FNCACT_RESEARCHER,EDUCATION,SOC_POINTSOFINTEREST,SOC_POINTSOFINTEREST_UNIVERSITY,EPU_CATS_REGULATION]",[1#United Kingdom#UK#UK#54#-4#U],[ian hoh],[university of british columbi]
24,https://www.sthelensstar.co.uk/news/24515018.pringle-strikes-gold-skechers-pickleball-english-open/,Pringle strikes gold at Skechers Pickleball English OPEN,"Resilience officer Pringle, 48, featured in the English Open at the Telford International Centre – the largest pickleball event taking place outside of North America.

With ages from 7 to 70+ competing, the event is reflective of the incredible growth in pickleball over recent years, with a record number of almost 2,000 players from 42 countries participating in a sport which has aspirations of making the Olympic programme.

Poole and playing partner Lauren Gosling recovered from defeat in their first game to win the 3.5 18+ women’s doubles event with a straight sets victory in the final.

“I got into pickleball about two years ago through David Lloyd, Poole, it was one of the new things they brought into the club and I just fell in love with it,” said Pringle.

“I was an ex-tennis player and it’s now taken over my life. I’m obsessed.

“The growth of the sport has just been incredible. I’ve only been to one other competition, which was the Nationals last year, so this is my first English Open, which is insane.

“It just seems to be getting bigger and bigger, even just in Poole and Dorset it’s just exploded.

""This was my first England Open and I’ve been lucky enough to partner up and win the 18+ 3.5 ladies doubles with an incredibly talented rising star, Lauren Gosling, who is just 13 years old.

""Lauren also won bronze in the 18+ 3.5 singles. Not only is pickleball a fantastic sport, I’ve hit the jackpot when it comes to making new friends.""

This year’s English OPEN comprised seven days of high-level competition, with the world’s top professionals from America, Europe and Asia taking to the court in singles, doubles, mixed, wheelchair and junior events.

A hybrid of tennis, badminton & table tennis, the sport’s popularity has been attributed to its accessibility. Easy to pick up and fun to play, the sport’s accessibility transcends demographics, providing it with universal appeal.

“I’ve got similar vibes to the Nationals here at the Open, but it just feels bigger and very international,” said Pringle.

“I love all the diversity of the ages, the abilities, everyone loves it and that’s what’s the common factor.

“There’s competitiveness but there’s that real sense of kindness to one another and sportsmanship, I really like it, and I got a gold in the doubles which was really cool.”",[],[1#United States#US#US#39.828175#-98.5795#U],"[lauren gosling,david lloy]","[skechers,telford international centr]"
23,https://www.v100fm.com/news/nipsey-hussles-brother-reveals-details-about-the-rappers-final-moments/,Nipsey Hussle’s Brother Reveals Details About The Rapper’s Final Moments,"During a recent discussion with radio personality Big Boy on his Off Air interview series, Nipsey Hussle‘s older brother, Blacc Sam, opened up about the last moments of the rap star’s life. Nipsey was shot and killed in South Central Los Angeles on March 31, 2019. Sam was optimistic that Nipsey would survive the shooting, but revealed that his world was turned upside down when his brother died. “Just couldn’t understand it. It was like the Twilight Zone after that,” he recalled. “Everything I believed in — my faith was shattered.”

Sam went on to disclose the events that led up to his brother getting shot. “They say he came back with a red shirt on. Tip-toed through the alley, went right and started shooting,” Sam said of the killer. “So, to me that’s premeditated. Number one, there’s no red shirts in the hood. Can’t buy no red shirt, no liquor store sell no red shirt. Number two, when a n—a come through the alley with the red shirt, that’s the throw-off.” (Billboard)","[MEDIA_MSM,MANMADE_DISASTER_IMPLIED,KILL,CRISISLEX_T03_DEAD,TAX_FNCACT,TAX_FNCACT_KILLER,CRISISLEX_C07_SAFETY]","[3#Los Angeles, California, United States#US#USCA#34.0522#-118.244#166232]","[big boy,nipsey hussle,blacc sa]",[]
23,https://www.lithgowmercury.com.au/story/8728509/2025-hyundai-palisade-is-trying-to-go-bold-and-beautiful/?cs=34616,2025 Hyundai Palisade is trying to go bold and beautiful,"The new-generation Hyundai Palisade is set to get fresh looks which could prove as controversial as those of the recently redesigned Santa Fe.

Subscribe now for unlimited access .

or signup to continue reading

All articles from our website

The digital version of Today's Paper

Breaking news alerts direct to your inbox

All articles from the other in your area

Images shared by South Korean publication Autospy show the Palisade wearing more revealing camouflage than previously seen, previewing vertically oriented headlights and tail lights which adopt the pixel-like style seen on the electric Ioniq 5.

This is different from the more complex light patterns seen on the new Santa Fe, however the Palisade looks to be following its fellow three-row SUV's path of featuring increasingly boxy exterior bodywork.

2025 Hyundai Palisade is trying to go bold and beautiful

2025 Hyundai Palisade is trying to go bold and beautiful

As well as featuring integrated roof rails, the spied Palisade sports gloss black wheel arch trim, rather than the matte grey or body-coloured elements of the current model.

Though Hyundai is yet to make any official announcements, reports from South Korea last year claimed the new Palisade will no longer be available with its existing 2.2-litre four-cylinder turbo-diesel and 3.8-litre V6 petrol engines.

Instead, a pair of turbo-petrol offerings will power the large SUV, with a 2.5-litre four-cylinder hybrid and a 3.5-litre V6 to replace the current drivetrains.

2025 Hyundai Palisade is trying to go bold and beautiful

2025 Hyundai Palisade is trying to go bold and beautiful

Reports have also suggested the Palisade is set to become even larger, providing more space for second- and third-row occupants.

Hyundai has sold more than 2000 Palisades in Australia so far this year, though its popularity is down by about 12 per cent compared to the same period in 2024.

By comparison, 3072 Santa Fes were sold between January and July, while the Toyota Kluger notched up 5861 sales.

MORE: Everything Hyundai PalisadeMORE: 2025 Hyundai Palisade could come sooner than expectedMORE: 2025 Hyundai Palisade's luxurious interior spiedMORE: 2025 Hyundai Palisade to say goodbye to diesel, hello hybrid

Content originally sourced from: CarExpert.com.au

Advertisement

Ad

Get the latest Lithgow news in your inbox

Sign up for our newsletter to stay up to date.

Email address

We care about the protection of your data. Read our Privacy Policy.

Advertisement

Ad",[],"[1#Australia#AS#AS#-25#135#AS,1#South Korea#KS#KS#37#127.5#K]",[toyota kluge],[hyunda]
23,https://www.wdjx.com/pawn-shop-starts-gofundme-for-90-year-old-vet-selling-jewelry-for-rent/,Pawn Shop Starts GoFundMe For 90,"Here’s another story to restore your faith in humanity!

A 90-year-old Air Force vet named Donald recently walked into a pawn shop in New Hampshire, hoping to sell some jewelry. His wife has dementia, and their landlord just raised their rent. So an employee named Janelle Marie launched a GoFundMe campaign and it has ballooned to over $384,000!","[CRISISLEX_T11_UPDATESSYMPATHY,MILITARY,TAX_FNCACT,TAX_FNCACT_VET,TAX_DISEASE,TAX_DISEASE_DEMENTIA,TAX_FNCACT_LANDLORD,TAX_FNCACT_EMPLOYEE]","[2#New Hampshire, United States#US#USNH#43.4108#-71.5653#N]",[janelle mari],[]
22,https://www.oxfordmail.co.uk/news/24515018.pringle-strikes-gold-skechers-pickleball-english-open/,Pringle strikes gold at Skechers Pickleball English OPEN,"Resilience officer Pringle, 48, featured in the English Open at the Telford International Centre – the largest pickleball event taking place outside of North America.

With ages from 7 to 70+ competing, the event is reflective of the incredible growth in pickleball over recent years, with a record number of almost 2,000 players from 42 countries participating in a sport which has aspirations of making the Olympic programme.

Poole and playing partner Lauren Gosling recovered from defeat in their first game to win the 3.5 18+ women’s doubles event with a straight sets victory in the final.

“I got into pickleball about two years ago through David Lloyd, Poole, it was one of the new things they brought into the club and I just fell in love with it,” said Pringle.

“I was an ex-tennis player and it’s now taken over my life. I’m obsessed.

“The growth of the sport has just been incredible. I’ve only been to one other competition, which was the Nationals last year, so this is my first English Open, which is insane.

“It just seems to be getting bigger and bigger, even just in Poole and Dorset it’s just exploded.

""This was my first England Open and I’ve been lucky enough to partner up and win the 18+ 3.5 ladies doubles with an incredibly talented rising star, Lauren Gosling, who is just 13 years old.

""Lauren also won bronze in the 18+ 3.5 singles. Not only is pickleball a fantastic sport, I’ve hit the jackpot when it comes to making new friends.""

This year’s English OPEN comprised seven days of high-level competition, with the world’s top professionals from America, Europe and Asia taking to the court in singles, doubles, mixed, wheelchair and junior events.

A hybrid of tennis, badminton & table tennis, the sport’s popularity has been attributed to its accessibility. Easy to pick up and fun to play, the sport’s accessibility transcends demographics, providing it with universal appeal.

“I’ve got similar vibes to the Nationals here at the Open, but it just feels bigger and very international,” said Pringle.

“I love all the diversity of the ages, the abilities, everyone loves it and that’s what’s the common factor.

“There’s competitiveness but there’s that real sense of kindness to one another and sportsmanship, I really like it, and I got a gold in the doubles which was really cool.”",[],[1#United States#US#US#39.828175#-98.5795#U],"[david lloyd,lauren goslin]","[telford international centre,skecher]"
22,https://www.leaderlive.co.uk/news/national/24515542.investigation-launched-boardmasters-festival-crowd-surge/,Investigation launched into Boardmasters festival after crowd surge,"Seven festivalgoers were injured including a young woman who suffered a fractured knee during the fan surge on Friday at a DJ stage at the music event in Newquay.

On Saturday, The Point stage was reopened after a “multi-agency review” was undertaken and the festival continued as scheduled until Sunday.

Police called it “an isolated incident”.

On Tuesday, a spokesman for Cornwall council said: “The council’s public protection service is currently investigating the incident that took place at the Boardmasters festival on Friday August 9.

“We cannot comment further while this investigation is ongoing.”

In response, a spokesman for the festival said: “The safety of everyone at Boardmasters is our first priority.

“As part of our event debrief process, we will be working closely with our local authority partners to examine the circumstances of Friday’s incident and ensure relevant learnings are included in the planning process for future events.”

On Friday, festival organisers announced that the planned set by DJ and producer Sammy Virji was cancelled and the stage was “closed to allow onsite teams to respond to an incident in the audience”.

A later statement said: “Seven attendees were transferred to hospital nearby for precautionary examination after presenting to our medical team.

“They have been treated for minor injuries and have all since been discharged.”

Devon and Cornwall Police said the crowd surge “left a small number of attendees injured”.

The force said at the weekend: “Contrary to speculation, we can confirm that there have been no deaths as a result of this incident.”

Dancer Jade Brooks, 23, from Yorkshire, told the PA news agency that the crowd had been “pushed back and caused everyone to fall with me being the bottom person and I had about 10 people fall onto my legs”.

She says she went to hospital and an X-ray revealed she had a fracture in her knee, and will spend the rest of her Cornwall holiday on crutches.

Ms Brooks said: “We came to Cornwall for a two-week holiday like we do every year and this was in the middle of our holiday.

“Now this second week of the holiday is ruined, we can’t do what we usually do and I’m going to miss out on all family activities.”

Virji said he was “gutted” by the cancelling of his set, and added that “safety should always come first”.

The police have been contacted for an additional response.","[WOUND,CRISISLEX_CRISISLEXREC,CRISISLEX_C03_WELLBEING_HEALTH,CRISISLEX_T02_INJURED,TAX_FNCACT,TAX_FNCACT_WOMAN,MANMADE_DISASTER_IMPLIED,SECURITY_SERVICES,TAX_FNCACT_POLICE,CRISISLEX_C07_SAFETY,TAX_FNCACT_SPOKESMAN,UNGP_CRIME_VIOLENCE,WB_2024_ANTI_CORRUPTION_AUTHORITIES,WB_696_PUBLIC_SECTOR_MANAGEMENT,WB_840_JUSTICE,WB_2025_INVESTIGATION,WB_831_GOVERNANCE,WB_832_ANTI_CORRUPTION,WB_1014_CRIMINAL_JUSTICE,TAX_FNCACT_PRODUCER,GENERAL_HEALTH,MEDICAL,SOC_POINTSOFINTEREST,SOC_POINTSOFINTEREST_HOSPITAL,WB_1428_INJURY,WB_1406_DISEASES,WB_621_HEALTH_NUTRITION_AND_POPULATION,WB_1427_NON_COMMUNICABLE_DISEASE_AND_INJURY,KILL,TAX_FNCACT_DANCER,GEN_HOLIDAY]","[4#Newquay, Cornwall, United Kingdom#UK#UKC6#50.4167#-5.08333#-260405]",[sammy virj],[cornwall polic]
22,https://www.katherinetimes.com.au/story/8728510/bmw-m5-touring-super-wagon-spied-just-days-ahead-of-reveal/?cs=34616,BMW M5 Touring: Super wagon spied just days ahead of reveal,"BMW's newest hot wagon is set to be officially revealed later this week, but our European photographers have spied a (mostly) un-camouflaged M5 Touring undergoing final tests in Europe.

It's been 14 years since the last M5 wagon rolled off the production line, but the long-roof performance model won't return with V10 power like its predecessor, instead adopting the plug-in hybrid V8 drivetrain from its sedan sibling.

Ahead of its August 15 unveiling at Pebble Beach as part of Monterey Car Week, the next M5 Touring has been spied testing in Germany on roads near the infamous Nürburgring.

These photos are the best look we've had at the new wagon so far, and they're likely to be the last before the official reveal.

The new M5 Touring will likely be powered by the same twin-turbo 4.4-litre plug-in hybrid V8 with a single electric motor found in the M5 sedan.

On its own, that engine produces 430kW of power and 750Nm torque, though the transmission-mounted electric motor brings the total to 535kW and 1000Nm.

The PHEV M5 is one of the most powerful BMW's ever produced, but it's also among the heaviest, tipping the scales at 2435kg in sedan form, with the figure expected to go up even further for the M5 Touring.

In the sedan, drive is sent to all four wheels via an eight-speed automatic transmission, with BMW claiming a 0-100km/h time of 3.5 seconds.

With its 18.6kWh lithium-ion battery pack, electric-only range in the M5 sedan is limited to 69km. WLTP fuel economy figures range between 1.6L/100km and 10.3L/100km depending on the battery's charge level.","[CRISISLEX_CRISISLEXREC,TAX_FNCACT,TAX_FNCACT_OFFICIAL,USPEC_POLICY1,EPU_ECONOMY,EPU_ECONOMY_HISTORIC,TAX_FNCACT_DRIVER,UNGP_FORESTS_RIVERS_OCEANS,TAX_ECON_PRICE]","[4#Pebble Beach, Western Australia, Australia#AS#AS08#-22.0411#114.116#11424412,4#Monterey, New South Wales, Australia#AS#AS02#-33.9667#151.15#3963]",[],[bm]
22,https://www.wcsufm.org/latest-from-npr/2024-08-13/weekend-matchup-harris-and-trump-campaigned-on-the-same-day-hear-the-contrast,Weekend matchup: Harris and Trump campaigned on the same day. Hear the contrast,"STEVE INSKEEP, HOST:

We compare speeches the candidates gave on the same day.

(SOUNDBITE OF ARCHIVED RECORDING)

VICE PRESIDENT KAMALA HARRIS: Hey, Nevada.

INSKEEP: On Saturday, Vice President Harris finished a tour introducing her running mate.

(SOUNDBITE OF ARCHIVED RECORDING)

HARRIS: Can we hear it for Tim Walz?

INSKEEP: And former President Trump campaigned for a Senate candidate in Montana.

(SOUNDBITE OF SONG, ""GOD BLESS THE U.S.A.""

LEE GREENWOOD: (Singing) ...USA.

DONALD TRUMP: Thank you.

INSKEEP: The appearances show a contrast in substance and style. Both began with small talk, Harris about the Olympics.

(SOUNDBITE OF ARCHIVED RECORDING)

HARRIS: Our women's national soccer team won the gold, as well.

(CHEERING)

INSKEEP: Trump about the length of his drive in from the airport.

(SOUNDBITE OF ARCHIVED RECORDING)

TRUMP: I'll tell you, I know Montana better than you know - I was all over your state today. Everything's two hours. When are we going to be there? Two hours, sir. Two hours.

INSKEEP: Soon, Trump spoke of his opponent.

(SOUNDBITE OF ARCHIVED RECORDING)

TRUMP: We're going to evict Crazy Kamala. Do you know - ever hear of Kamala? Radical left. Radical left.

INSKEEP: He repeatedly wandered off target and then returned to the vice president.

(SOUNDBITE OF ARCHIVED RECORDING)

TRUMP: Since becoming a presidential candidate, she has refused to do a single interview. You know why? 'Cause she's dumb.

INSKEEP: So said Trump in Montana, the same day that Harris spoke in Nevada.

(SOUNDBITE OF ARCHIVED RECORDING)

HARRIS: As a prosecutor, I specialized in cases of sexual abuse. Well, Donald Trump was found liable for committing sexual abuse.

(BOOING)

HARRIS: As attorney general, I held Wall Street banks accountable for fraud. Well...

(LAUGHTER)

INSKEEP: She hardly needed to finish the thought. Harris offered broad themes - democracy, freedom and a focus on the future.

(SOUNDBITE OF ARCHIVED RECORDING)

HARRIS: And it is my promise to everyone here when I am president, we will continue our fight for working families of America...

(CHEERING)

HARRIS: ...Including to raise the minimum wage...

(CHEERING)

HARRIS: ...And eliminate taxes on tips for service and hospitality workers.

INSKEEP: Harris endorsed that last idea after Trump did, although she agrees with him on little else.

(SOUNDBITE OF ARCHIVED RECORDING)

HARRIS: What kind of country do we want to live in? A country of chaos, fear and hate...

UNIDENTIFIED PEOPLE: No.

HARRIS: ...Or a country of freedom, compassion and rule of law?

(CHEERING)

INSKEEP: Trump touched on his big themes, alleging without evidence that his opponents would turn America, quote, ""communist"" and making his own promises about Social Security.

(SOUNDBITE OF ARCHIVED RECORDING)

TRUMP: And seniors, as I said, will not pay taxes on their Social Security. That's a big deal.

(CHEERING)

TRUMP: On day one, I will sign a new executive order to cut federal funding for any school pushing critical race theory, transgender insanity and other inappropriate racial, sexual or political content onto the lives of our children. We're not going to do it.

INSKEEP: And where Harris spoke about 28 minutes, Trump spoke for an hour and 40, often talking of a president who's no longer running.

(SOUNDBITE OF ARCHIVED RECORDING)

TRUMP: What do you like better, Crooked Joe...

(CHEERING)

TRUMP: ...Or Sleepy Joe?

(CHEERING)

TRUMP: OK. Crooked seems to always win. I mean, he's a crooked guy.

INSKEEP: Trump even seemed to regret the debate that knocked out Biden.

(SOUNDBITE OF ARCHIVED RECORDING)

TRUMP: Why the hell did I debate him?

INSKEEP: And he indulged in a fantasy about the return of the opponent Trump used to be leading in the polls.

(SOUNDBITE OF ARCHIVED RECORDING)

TRUMP: I hear he's going to make a comeback at the Democrat convention. He's going to walk into the room, and he's going to say, I want my presidency back.

INSKEEP: The former president has repeated that one on social media.

NPR's Mara Liasson has been listening along with us to these elements from the speeches on Saturday. She's also following the campaign's other messages. Mara, good morning.

MARA LIASSON, BYLINE: Good morning.

INSKEEP: What themes do you hear?

LIASSON: Well, Harris seems to have figured out her own way of talking about Trump being a threat to democracy. That's kind of an abstract concept to most voters, so she has chosen freedom as her mantra. Freedom from having the government come between you and your doctor, freedom from your kids - for your kids to read the books you want them to, freedom from gun violence. Most elections are referendums on the incumbent president, and what she's trying to do is make this race a referendum on Trump, not on the Biden-Harris administration. And she's doing that by saying that she is the candidate of the future, not the past. Trump is the past. And that's what Harris' supporters mean when they're chanting, we're not going back.

INSKEEP: Well, how is Trump managing that?

LIASSON: Trump is a big contrast to Harris. Instead of the laughing, smiling Harris-Walz ticket always talking about how they're bringing the joy, at Trump rallies, you see his scowling mugshot on all that campaign merch. He has a very downbeat message. He tells his crowds that America is in decline; crime is rampant; immigration is out of control; prices are too high. And then there are all those personal insults you heard that Trump delivers to Harris. She's low IQ. She's incompetent. She's not really Black.

And, you know, since Trump got a new opponent, he has really struggled to settle on a consistent, coherent message against Harris. And a lot of Republicans are saying that in this, his third campaign for president, he is much less disciplined than they expected. Some Republican outlets are openly voicing their concerns. The Wall Street Journal editorial page had a headline, ""Will Trump Blow Another Election?"" And it's almost a role reversal. Not long ago, it was Democrats wringing their hands, criticizing Biden's performance. Now Republicans are suffering from whiplash. Remember, at that Milwaukee convention, they weren't just confident. They were talking about a landslide.

INSKEEP: Yeah.

LIASSON: Now the race is neck and neck. But the Trump campaign insists that Harris' honeymoon is going to end. Her new numbers will drop. And this reminds me of the Biden campaign, who, for a very long time, kept on predicting that Trump's numbers would drop once voters realized that he was actually the nominee. So when a campaign starts predicting that their opponent's poll numbers are going to drop sometime in the near future, you know that that's a lot of wishful thinking.

INSKEEP: OK. Although there are some advantages, I would think, that the former president still has. What are they?

LIASSON: Absolutely. He has a lot of advantages. He has the Electoral College map, which helps Republicans. He has the edge on many issues. Polls show that voters see him as the stronger leader. They see him as better on the economy, on crime, on the border. And those internal poll numbers might change, but so far, he's maintaining them. He also has a flood of negative ads aimed at Harris ready to go. And one Trump-supporting super PAC is about to air $100 million of ads in battleground states between now and Labor Day. And that's a lot of ads.

INSKEEP: A hundred million dollars. I think we can both recall when presidential campaigns - like, the whole campaign might not be $100 million. And this is...

LIASSON: That's right.

INSKEEP: ...One wave of ads. Amazing. Mara, thanks so much. Always appreciate your insights.

LIASSON: You're welcome.

INSKEEP: That's NPR's Mara Liasson. Transcript provided by NPR, Copyright NPR.","[TAX_FNCACT,TAX_FNCACT_RUNNING_MATE,TAX_FNCACT_EXPRESIDENT,TAX_FNCACT_CANDIDATE,EPU_CATS_REGULATION]","[2#Montana, United States#US#USMT#46.9048#-110.326#MT,2#Nevada, United States#US#USNV#38.4199#-117.122#N]",[],[]
22,https://www.katherinetimes.com.au/story/8729111/woman-charged-with-murder-of-10-year-old-girl/,Confronting scene as mum charged with daughter's murder,"Police describe the circumstances of the murder investigation in Carrara as extremely difficult. Photo: Darren England/AAP PHOTOS

A mother has been charged with murder following the death of her 10-year-old daughter on Queensland's Gold Coast.

Subscribe now for unlimited access .

or signup to continue reading

All articles from our website

The digital version of Today's Paper

Breaking news alerts direct to your inbox

All articles from the other in your area

The woman has been named by multiple news outlets as Yingying Xu, 46, after a media lawyer successfully argued in court against a suppression order on her name and that of the alleged victim, her daughter Sophie Wang.

Police had been called to an address at Emerald Lakes in Carrara just after 6pm on Tuesday, after 10-year-old Sophie was found unresponsive by her father.

Paramedics attempted to revive her but she was declared dead at the scene.

Xu was arrested at a nearby street about 10.25pm before being charged.

Authorities conducted an efficient investigation under extremely difficult circumstances that led to her arrest, Detective Acting Inspector Kent Ellis said.

""The scene was incredibly confronting and our attending members, both QPS and paramedics will be receiving the necessary support,"" he told reporters on Wednesday.

""In my 15-year career as a detective, it's one of the most confronting scenes that I have seen.""

The girl's school has mobilised counselling and care teams to provide support to its community. (Darren England/AAP PHOTOS)

A statement from the girl's school acknowledged the devastating news of her death.

""Our prayers are with the family, friends, first responders and all affected by the loss of this beloved child in her home,"" the statement read.

""Our priority is supporting our community at this difficult time. We have mobilised our counselling and pastoral care teams to provide comprehensive support to students, staff and parents as our community comes to terms with this distressing news.

""We ask for understanding and respect for the privacy of our families and students at this time.""

Australian Associated Press

Advertisement

Ad

Get the latest Katherine news in your inbox

Sign up for our newsletter to stay up to date.

Email address

We care about the protection of your data. Read our Privacy Policy.

Advertisement

Ad","[TAX_FNCACT,TAX_FNCACT_WOMAN,TRIAL,SOC_GENERALCRIME,TAX_WORLDLANGUAGES,TAX_WORLDLANGUAGES_AMINI,CRISISLEX_CRISISLEXREC,CRISISLEX_T03_DEAD,WB_2936_GOLD,WB_507_ENERGY_AND_EXTRACTIVES,WB_895_MINING_SYSTEMS,WB_1699_METAL_ORE_MINING,SECURITY_SERVICES,TAX_FNCACT_POLICE,CRISISLEX_C07_SAFETY,TAX_FNCACT_CHILD,TAX_FNCACT_PARAMEDICS,TAX_FNCACT_DETECTIVES,EPU_CATS_MIGRATION_FEAR_FEAR,WB_2024_ANTI_CORRUPTION_AUTHORITIES,WB_696_PUBLIC_SECTOR_MANAGEMENT,WB_840_JUSTICE,WB_2025_INVESTIGATION,WB_831_GOVERNANCE,WB_832_ANTI_CORRUPTION,WB_1014_CRIMINAL_JUSTICE,ARREST,TAX_FNCACT_MAGISTRATES]","[1#Ghana#GH#GH#8#-2#GH,4#Southport, Queensland, Australia#AS#AS04#-27.9667#153.4#-160141]",[],[southport magistrates court o]
21,https://www.merimbulanewsweekly.com.au/story/8727757/genesis-gv70-g80-and-gv80-recalled/?cs=34616,"Genesis GV70, G80 and GV80 recalled","Genesis is recalling 787 vehicles across its GV70, G80 and GV80 model lines as they could suffer from a loss of power.

Subscribe now for unlimited access .

or signup to continue reading

All articles from our website

The digital version of Today's Paper

Breaking news alerts direct to your inbox

All articles from the other in your area

""Due to a manufacturing defect, the fuel pump impeller may become deformed under certain environmental conditions, interrupting the fuel supply,"" the company says in its recall notice.

""If this occurs, the engine could stall resulting in a sudden loss of motive power.

""A sudden loss of motive power whilst driving may increase the risk of an accident causing injury or death to vehicle occupants and/or other road users.""

Genesis GV70, G80 and GV80 recalled

Genesis GV70, G80 and GV80 recalled

A total of 787 vehicles are affected from 2021 to 2022 across the GV70, G80 and GV80 lines

The Vehicle Identification Number (VIN) list is attached here

The original recall notice is attached here

If you own an affected vehicle, Genesis Australia will contact you and advise you to schedule an appointment to have the fuel pump impeller inspected and replaced, free of charge.

If you have any further questions, you can contact Genesis Australia on 1800 908 070.

MORE: Everything Genesis GV70 • G80 • GV80

Content originally sourced from: CarExpert.com.au

Advertisement

Ad

Get the latest Merimbula news in your inbox

Sign up for our newsletter to stay up to date.

Email address

We care about the protection of your data. Read our Privacy Policy.

Advertisement

Ad","[MANMADE_DISASTER_IMPLIED,CRISISLEX_CRISISLEXREC,WB_1921_PRIVATE_SECTOR_DEVELOPMENT,WB_346_COMPETITIVE_INDUSTRIES,WB_818_INDUSTRY_POLICY_AND_REAL_SECTORS,WB_1281_MANUFACTURING,UNGP_FORESTS_RIVERS_OCEANS,DELAY,WB_1428_INJURY,WB_1406_DISEASES,WB_621_HEALTH_NUTRITION_AND_POPULATION,WB_1427_NON_COMMUNICABLE_DISEASE_AND_INJURY,AFFECT,APPOINTMENT]",[1#Australia#AS#AS#-25#135#A],[],[]
20,https://www.power1057.com/news/nipsey-hussles-brother-reveals-details-about-the-rappers-final-moments/,Nipsey Hussle’s Brother Reveals Details About The Rapper’s Final Moments,"During a recent discussion with radio personality Big Boy on his Off Air interview series, Nipsey Hussle‘s older brother, Blacc Sam, opened up about the last moments of the rap star’s life. Nipsey was shot and killed in South Central Los Angeles on March 31, 2019. Sam was optimistic that Nipsey would survive the shooting, but revealed that his world was turned upside down when his brother died. “Just couldn’t understand it. It was like the Twilight Zone after that,” he recalled. “Everything I believed in — my faith was shattered.”

Sam went on to disclose the events that led up to his brother getting shot. “They say he came back with a red shirt on. Tip-toed through the alley, went right and started shooting,” Sam said of the killer. “So, to me that’s premeditated. Number one, there’s no red shirts in the hood. Can’t buy no red shirt, no liquor store sell no red shirt. Number two, when a n—a come through the alley with the red shirt, that’s the throw-off.” (Billboard)","[MEDIA_MSM,MANMADE_DISASTER_IMPLIED,KILL,CRISISLEX_T03_DEAD,TAX_FNCACT,TAX_FNCACT_KILLER,CRISISLEX_C07_SAFETY]","[3#Los Angeles, California, United States#US#USCA#34.0522#-118.244#166232]","[blacc sam,big boy,nipsey hussl]",[]
19,https://www.thurrockgazette.co.uk/news/national/24514909.police-officer-face-trial-next-year-pleading-not-guilty-rape/,Police officer to face trial next year after pleading not guilty to rape,"David Parsons, 28, a police constable based in South Worcestershire local policing area, is alleged to have committed the offence in January 2022.

West Mercia Police have previously said the charge relates to an incident off-duty and Parsons is currently suspended from duty.

A short hearing at Birmingham Crown Court on Tuesday saw Parsons formally deny the charge against him and be told he will stand trial on December 8 next year.

Parsons, from Worcester, was granted conditional bail by Judge Simon Drew, who told him: “I am adjourning your case for trial.

“I am sorry it is such a long way away but I am sure you know there is a huge backlog (of cases) here.”

The judge, who heard submissions from prosecution and defence barristers, was told the trial is expected to last for six days.

A pre-trial review was also ordered to take place on November 10 2025.","[SECURITY_SERVICES,TAX_FNCACT,TAX_FNCACT_POLICE,CRISISLEX_C07_SAFETY,TAX_FNCACT_CONSTABLE,CRISISLEX_C04_LOGISTICS_TRANSPORT,TRIAL,TAX_FNCACT_JUDGE,WB_696_PUBLIC_SECTOR_MANAGEMENT,WB_840_JUSTICE,WB_1014_CRIMINAL_JUSTICE]","[5#Worcestershire, Worcestershire, United Kingdom#UK#UKQ4#52.1667#-2.16667#-261211]","[david parsons,simon dre]","[mercia police,birmingham crown court o]"
18,https://www.campbellrivermirror.com/news/bc-man-charged-in-sextortion-investigation-with-teen-victims-in-3-provinces-7484205,"B.C. man charged in sextortion investigation, with teen victims in 3 provinces","A 19-year-old B.C. man is facing 23 charges after a cross-country sextortion investigation involving teenagers in Nova Scotia, Quebec and Ontario.

Anwer Jelassi, of Burnaby, was charged with the 23 offences on July 11, according to a release from Burnaby RCMP Tuesday (Aug. 13).

He is facing nine counts of extortion; three counts of telecommunicate to lure a child under 18; one count of telecommunicate to lure a child under 16; two counts of possessing child pornography; one count of making or publishing child porn; one count of importing or distributing child porn; two counts of inviting, counselling or inciting a young person to touch the body of any person for a sexual purpose; one count of publication of intimate images without consent; one count of secretly observing or recording nudity or sexual activity and two counts of breach of undertaking.

The majority of his charges relate to victims between the ages of 15 and 18, who reported the incidents to police in their jurisdictions.

Police say Jelassi is subject to a number of court-ordered conditions, including not contacting any of his victims or anyone under the age of 16. He also cannot have access to social media or dating sites, including TikTok, Instagram, Snapchat, Bumble or Tinder.

Police say the investigation began after several victims in Nova Scotia, Quebec and Ontario reported to police that they were being extorted online after sharing explicit images with someone they'd met on social media platforms. The suspect allegedly demanded money under the threat of sending the images to the victims' social networks.

A Burnaby resident was identified as the suspect.

Burnaby RCMP's child abuse and sexual offences unit led the investigation after beginning an investigation in December 2022. On Jan. 26, 2023, a search was done on a home in Burnaby.

Burnaby RCMP's Cpl. Max Gagne online sexual extortion is a crime that has had tragic outcomes.

""We would really like to commend these victims for coming forward and reporting these incidents to police. Their bravery in stepping forward and telling someone has allowed us to advance this investigation, which has now resulted in criminal charges.""","[TAX_FNCACT,TAX_FNCACT_MAN,WB_2024_ANTI_CORRUPTION_AUTHORITIES,WB_696_PUBLIC_SECTOR_MANAGEMENT,WB_840_JUSTICE,WB_2025_INVESTIGATION,WB_831_GOVERNANCE,WB_832_ANTI_CORRUPTION,WB_1014_CRIMINAL_JUSTICE,TRIAL,SOC_GENERALCRIME,TAX_FNCACT_CHILD,TAX_FNCACT_VICTIMS,CRISISLEX_CRISISLEXREC,CRISISLEX_T08_MISSINGFOUNDTRAPPEDPEOPLE,SECURITY_SERVICES,TAX_FNCACT_POLICE,CRISISLEX_C07_SAFETY,WB_678_DIGITAL_GOVERNMENT,WB_694_BROADCAST_AND_MEDIA,WB_133_INFORMATION_AND_COMMUNICATION_TECHNOLOGIES,MEDIA_SOCIAL,WB_652_ICT_APPLICATIONS,WB_662_SOCIAL_MEDIA,WB_658_ENTERPRISE_APPLICATIONS,UNREST_BELLIGERENT,TAX_FNCACT_VICTIM]","[4#Quebec, Quebec, Canada#CA#CA10#47.5#-72#-57185]",[],[instagra]
18,https://www.chelmsfordweeklynews.co.uk/news/national/24514909.police-officer-face-trial-next-year-pleading-not-guilty-rape/,Police officer to face trial next year after pleading not guilty to rape,"David Parsons, 28, a police constable based in South Worcestershire local policing area, is alleged to have committed the offence in January 2022.

West Mercia Police have previously said the charge relates to an incident off-duty and Parsons is currently suspended from duty.

A short hearing at Birmingham Crown Court on Tuesday saw Parsons formally deny the charge against him and be told he will stand trial on December 8 next year.

Parsons, from Worcester, was granted conditional bail by Judge Simon Drew, who told him: “I am adjourning your case for trial.

“I am sorry it is such a long way away but I am sure you know there is a huge backlog (of cases) here.”

The judge, who heard submissions from prosecution and defence barristers, was told the trial is expected to last for six days.

A pre-trial review was also ordered to take place on November 10 2025.","[SECURITY_SERVICES,TAX_FNCACT,TAX_FNCACT_POLICE,CRISISLEX_C07_SAFETY,TAX_FNCACT_CONSTABLE,CRISISLEX_C04_LOGISTICS_TRANSPORT,TRIAL,TAX_FNCACT_JUDGE,WB_696_PUBLIC_SECTOR_MANAGEMENT,WB_840_JUSTICE,WB_1014_CRIMINAL_JUSTICE]","[5#Worcestershire, Worcestershire, United Kingdom#UK#UKQ4#52.1667#-2.16667#-261211]","[simon drew,david parson]","[mercia police,birmingham crown court o]"
18,https://www.echo-news.co.uk/news/24515018.pringle-strikes-gold-skechers-pickleball-english-open/,Pringle strikes gold at Skechers Pickleball English OPEN,"Resilience officer Pringle, 48, featured in the English Open at the Telford International Centre – the largest pickleball event taking place outside of North America.

With ages from 7 to 70+ competing, the event is reflective of the incredible growth in pickleball over recent years, with a record number of almost 2,000 players from 42 countries participating in a sport which has aspirations of making the Olympic programme.

Poole and playing partner Lauren Gosling recovered from defeat in their first game to win the 3.5 18+ women’s doubles event with a straight sets victory in the final.

“I got into pickleball about two years ago through David Lloyd, Poole, it was one of the new things they brought into the club and I just fell in love with it,” said Pringle.

“I was an ex-tennis player and it’s now taken over my life. I’m obsessed.

“The growth of the sport has just been incredible. I’ve only been to one other competition, which was the Nationals last year, so this is my first English Open, which is insane.

“It just seems to be getting bigger and bigger, even just in Poole and Dorset it’s just exploded.

""This was my first England Open and I’ve been lucky enough to partner up and win the 18+ 3.5 ladies doubles with an incredibly talented rising star, Lauren Gosling, who is just 13 years old.

""Lauren also won bronze in the 18+ 3.5 singles. Not only is pickleball a fantastic sport, I’ve hit the jackpot when it comes to making new friends.""

This year’s English OPEN comprised seven days of high-level competition, with the world’s top professionals from America, Europe and Asia taking to the court in singles, doubles, mixed, wheelchair and junior events.

A hybrid of tennis, badminton & table tennis, the sport’s popularity has been attributed to its accessibility. Easy to pick up and fun to play, the sport’s accessibility transcends demographics, providing it with universal appeal.

“I’ve got similar vibes to the Nationals here at the Open, but it just feels bigger and very international,” said Pringle.

“I love all the diversity of the ages, the abilities, everyone loves it and that’s what’s the common factor.

“There’s competitiveness but there’s that real sense of kindness to one another and sportsmanship, I really like it, and I got a gold in the doubles which was really cool.”",[],[1#United States#US#US#39.828175#-98.5795#U],"[david lloyd,lauren goslin]","[skechers,telford international centr]"
17,https://www.ipswichstar.co.uk/news/national/24514909.police-officer-face-trial-next-year-pleading-not-guilty-rape/,Police officer to face trial next year after pleading not guilty to rape,"David Parsons, 28, a police constable based in South Worcestershire local policing area, is alleged to have committed the offence in January 2022.

West Mercia Police have previously said the charge relates to an incident off-duty and Parsons is currently suspended from duty.

A short hearing at Birmingham Crown Court on Tuesday saw Parsons formally deny the charge against him and be told he will stand trial on December 8 next year.

Parsons, from Worcester, was granted conditional bail by Judge Simon Drew, who told him: “I am adjourning your case for trial.

“I am sorry it is such a long way away but I am sure you know there is a huge backlog (of cases) here.”

The judge, who heard submissions from prosecution and defence barristers, was told the trial is expected to last for six days.

A pre-trial review was also ordered to take place on November 10 2025.","[SECURITY_SERVICES,TAX_FNCACT,TAX_FNCACT_POLICE,CRISISLEX_C07_SAFETY,TAX_FNCACT_CONSTABLE,CRISISLEX_C04_LOGISTICS_TRANSPORT,TRIAL,TAX_FNCACT_JUDGE,WB_696_PUBLIC_SECTOR_MANAGEMENT,WB_840_JUSTICE,WB_1014_CRIMINAL_JUSTICE]","[5#Worcestershire, Worcestershire, United Kingdom#UK#UKQ4#52.1667#-2.16667#-261211]","[simon drew,david parson]","[birmingham crown court on,mercia polic]"
17,https://www.1015hankfm.com/thomas-rhetts-daughters-favorite-album-of-his-about-a-woman/,Thomas Rhett’s daughters’ favorite album of his? ‘About A Woman’,"Thomas Rhett‘s About A Woman has been marked with his daughters’ stamp of approval. And no, they don’t show favoritism, even if the singer is their dad.

“It’s kind of the biggest for me because there’s no filter on them,” Thomas tells ABC Audio of his girls’ feedback, noting that “they’re not afraid” to say they hate or want to skip a song.

Playing unreleased music was part of Thomas’ father-daughter bonding time whenever they were in the car together.

“I think it was like every time we’d finish a song … that’s our mornings together,” he recalls. “Driving to school and driving home from school. They always ask to hear what I’ve been working on.”

“This record is by far their favorite of any [album] that I’ve made, which makes me the proudest,” says Thomas.

About A Woman drops Aug. 23 and is available for preorder and presave now.

Its lead single, “Beautiful as You,” is in the top 20 and climbing the country charts.

Here’s the track list for About a Woman:

“Fool”

“Overdrive”

“Gone Country”

“Beautiful as You”

“Can’t Love You Anymore”

“After All The Bars Are Closed”

“Church”

“Back to Blue”

“Country for California”

“Somethin’ ‘Bout a Woman”

“What Could Go Right”

“Boots”

“Don’t Wanna Dance”

“I Could Spend Forever Loving You”

Copyright © 2024, ABC Audio. All rights reserved.","[TAX_FNCACT,TAX_FNCACT_WOMAN,TAX_FNCACT_SINGER,CRISISLEX_T11_UPDATESSYMPATHY,EDUCATION,SOC_POINTSOFINTEREST,SOC_POINTSOFINTEREST_SCHOOL,EPU_CATS_REGULATION]","[2#California, United States#US#USCA#36.17#-119.746#C]",[],[]
17,https://squatchrocks.com/ixp/366/p/misheard-nickelback-lyric-avenged-sevenfold-brooks-wackerman-had-wrong/,The Misheard Nickelback Lyric Avenged Sevenfold Drummer Had Wrong This Whole Time,"Avenged Sevenfold drummer Brooks Wackerman has revealed on social media that he's finally learned a Nickelback lyric after years of thinking (and perhaps singing) something else.

We've all likely had rock lyrics that we've misheard throughout the years, and Wackerman's status as a musician in a popular band has not left him exempt. In a somewhat humbling and hilarious moment, the musician shared with his followers on the X platform the Nickelback lyric that has tripped him up all these years.

What Nickelback Lyric Did Brooks Wackerman Mishear?

The song in question that Wackerman has been misquoting for years is the band's biggest commercially successful track - ""How You Remind Me"" from the 2001 album Silver Side Up.

""For years I thought the first line to nickelbacks 'you remind' me was - I never made it as a white man.. 'This morning I learned it’s 'wise man,'"" confirmed Wackerman.

The full opening verse of ""How You Remind Me"" with the correct lines is: ""Never made it as a wise man / I couldn't cut it as a poor man stealing / Tired of living like a blind man / I'm sick of sight without a sense of feeling.""

What Fans Were Saying

""I like your version better. Let’s have Chad [Kroeger] change it,"" remarked one fan. ""Did learning this make you feel like a wise man,"" asked another person. ""Damn. This changes everything for me,"" admitted a third person.

READ MORE: Study Shows Which Rock + Metal Lyrics Are Most Often Misheard

""Haha funny how we can sing the wrong words for years and bam one day it hits us what they really said,"" a fourth person commented.

What lyrics have you misheard over the years?","[RETALIATE,TAX_FNCACT,TAX_FNCACT_DRUMMER,WB_678_DIGITAL_GOVERNMENT,WB_694_BROADCAST_AND_MEDIA,WB_133_INFORMATION_AND_COMMUNICATION_TECHNOLOGIES,MEDIA_SOCIAL,WB_652_ICT_APPLICATIONS,WB_662_SOCIAL_MEDIA,WB_658_ENTERPRISE_APPLICATIONS,TAX_FNCACT_MUSICIAN,ENV_METALS,WB_2937_SILVER,WB_507_ENERGY_AND_EXTRACTIVES,WB_895_MINING_SYSTEMS,WB_1699_METAL_ORE_MINING,TAX_FNCACT_MAN,MEDIA_MSM]",[1#Chad#CD#CD#15#19#C],[brooks wackerma],[]
16,https://www.eppingforestguardian.co.uk/news/national/24514128.man-charged-attempted-murder-girl-11-stabbed-leicester-square/,"Man charged with attempted murder after girl, 11, stabbed in Leicester Square","Ioan Pintaru, 32, of no fixed address, has also been charged with possession of a bladed article and was remanded in custody to appear at Westminster Magistrates’ Court on Tuesday morning.

Police were called to reports of a stabbing at the central London tourist spot at 11.34am on Monday.

The girl’s 34-year-old mother was initially thought to have also been hurt but blood from her daughter’s injuries had been mistaken for injuries of her own, the Metropolitan Police said.

Her daughter was taken to hospital with serious injuries that are not life-threatening, the force added.

Police said on Monday that there was no suggestion the incident was terror-related, and officers do not believe the suspect and the victims were known to each other.

Leicester Square and the surrounding area attracts an estimated 2.5 million visitors every week and is home to shops, theatres, cinemas and restaurants.

The stabbing happened near the TWG Tea shop, which is beside the Lego store and in front of the M&Ms store.

A shop security guard leapt in to help the girl as she was being attacked.

Detective Chief Superintendent Christina Jessah said: “This is a horrific incident and our thoughts are with the victims and their family. We will continue to provide support to them over the coming days and weeks.

“I would like to pay tribute to the members of the public, including staff from local businesses, who bravely intervened in this incident. They put themselves at risk and showed the best of London in doing so.”","[TRIAL,SOC_GENERALCRIME,ARREST,TAX_FNCACT,TAX_FNCACT_MAGISTRATE,SECURITY_SERVICES,TAX_FNCACT_POLICE,CRISISLEX_C07_SAFETY,TOURISM,TAX_FNCACT_TOURIST,WB_1428_INJURY,WB_1406_DISEASES,WB_621_HEALTH_NUTRITION_AND_POPULATION,WB_1427_NON_COMMUNICABLE_DISEASE_AND_INJURY,CRISISLEX_CRISISLEXREC,CRISISLEX_T02_INJURED,GENERAL_HEALTH,MEDICAL,SOC_POINTSOFINTEREST,SOC_POINTSOFINTEREST_HOSPITAL,CRISISLEX_C03_WELLBEING_HEALTH,TAX_MILITARY_TITLE,TAX_MILITARY_TITLE_OFFICERS,TAX_FNCACT_OFFICERS,TAX_FNCACT_VICTIMS,CRISISLEX_T08_MISSINGFOUNDTRAPPEDPEOPLE,TAX_FNCACT_GUARD,TAX_FNCACT_DETECTIVE,TAX_FNCACT_CHIEF,TAX_MILITARY_TITLE_SUPERINTENDENT,TAX_FNCACT_SUPERINTENDENT,TAX_MILITARY_TITLE_CHIEF_SUPERINTENDENT,TAX_FNCACT_CHIEF_SUPERINTENDENT,CRISISLEX_T11_UPDATESSYMPATHY,UNGP_CRIME_VIOLENCE]","[4#Leicester, Leicester, United Kingdom#UK#UKH4#52.6333#-1.13333#-2600961,4#London, London, City Of, United Kingdom#UK#UKH9#51.5#-0.116667#-260188]","[james manning,christina jessah,ioan pintar]",[westminster magistrate court o]
16,https://www.kunr.org/u-s-headlines/2024-08-13/colorado-clerk-found-guilty-of-giving-election-deniers-access-to-voting-equipment,Colorado clerk found guilty of giving election deniers access to voting equipment,"STEVE INSKEEP, HOST:

Some other news now - a former county clerk in western Colorado has been found guilty of seven charges for her involvement in giving an unauthorized person access to election equipment. She was found not guilty on some other counts. Colorado Public Radio's Bente Birkeland has been covering the case.

BENTE BIRKELAND, BYLINE: Colorado's investigation into former Mesa County clerk Tina Peters began three years ago, when images taken during a secure update of her county's voting machines surfaced online in 2021. They were posted by people trying to undermine the validity of the 2020 presidential election. They got the images from Peters. In his closing arguments, prosecutor Robert Shapiro said it's a case about deceit to trick others.

(SOUNDBITE OF ARCHIVED RECORDING)

ROBERT SHAPIRO: Most telling was the defendant offering up her office and herself to aid outsiders to gain unauthorized access to secured election systems that she was entrusted to protect.

BIRKELAND: The jury found Peters guilty of attempts to influence a public servant and conspiracy to commit criminal impersonation. Peters told county and state workers she was bringing a new employee to attend the state's update of the voting machines, but Peters brought someone else - a California man with ties to the CEO of My Pillow, Mike Lindell. Both have been active in national efforts to prove false claims of election fraud. Neither is charged in the Colorado case. Peters' defense said she broke no rules, and everything she did was within her authority as clerk. Here's attorney John Case.

(SOUNDBITE OF ARCHIVED RECORDING)

JOHN CASE: There's also no dispute about what was going to happen when the state got in there to do the trusted build. They were going to erase all the records.

BIRKELAND: State officials deny that the update deleted election records. The jury found Peters not guilty on three counts, including that she stole a local man's identity. They found that the man was willingly involved in the plot. Peters' sentencing is set for October 3. Meanwhile, there is still an ongoing federal investigation. For NPR News, I'm Bente Birkeland in Denver.

(SOUNDBITE OF OFFTHEWALLY'S ""BOWER"") Transcript provided by NPR, Copyright NPR.","[TRIAL,TAX_FNCACT,TAX_FNCACT_CLERK,SOC_GENERALCRIME,ELECTION,CRISISLEX_C07_SAFETY,EPU_CATS_REGULATION]","[3#Mesa County, Colorado, United States#US#USCO#39.0333#-108.467#198154,2#Colorado, United States#US#USCO#39.0646#-105.327#C]",[donald trum],[]
16,https://www.leinsterleader.ie/news/home/1577725/don-t-miss-the-latest-leinster-leader-is-out-now.html,DON'T MISS! The latest LEINSTER LEADER is out now!,"To continue reading this article for FREE,

please kindly register and/or log in.

Registration is absolutely 100% FREE and will help us personalise your experience on our sites. You can also sign up to our carefully curated newsletter(s) to keep up to date with your latest local news!

Register / Login",[CRISISLEX_T11_UPDATESSYMPATHY],[1#Ireland#EI#EI#53#-8#E],[],[]
16,https://wtov9.com/news/nation-world/new-biden-administration-rule-would-make-canceling-subscriptions-easier-sign-up-gym-streaming-insurance-phone-internet-payment-customers-court-challenges,New Biden Administration rule would make canceling subscriptions easier,"The Biden administration just announced a handful of policies to make canceling subscriptions and memberships as easy as it is to sign up.

""It's pretty easy to sign up. You can go to a website for example and sign up but then if you want to cancel, you can't use the website,"" said Daniel McCarthy, a marketing professor at Emory University.

Through the and , the rule would require companies to make signing up and canceling the same. Which for some companies, isn't the case right now.

They make it a lot more difficult to leave than to start,"" McCarthy said.

McCarthy said whether it's a gym membership or a streaming service, the reason some companies make canceling more difficult is to generate added revenue.

""Someone doesn't want the service anymore but because of all the loops they have to go through to cancel, the company ends up getting an extra subscription payment or two or six,"" said McCarthy.

According to , 99% of U.S. households pay for at least one streaming service. But Chad Ruback, an appellate attorney in Dallas, Texas said those customers shouldn't expect these rules to be rolled out anytime soon.

A company that sells you this streaming service, that sells your gym subscription, is likely going to challenge this in a court,"" said Ruback.

Ruback said there's a chance the rules don't take effect at all.

""Just because a rule has been promulgated by a federal agency doesn't mean that rule is going to stick,"" said Ruback.

Along with streaming services and gym memberships, the rules would also apply to phone and internet companies and health insurance companies, allowing claims to be submitted online rather than only by mail.","[USPEC_POLICY1,DELAY,EDUCATION,TAX_FNCACT,TAX_FNCACT_PROFESSOR,SOC_POINTSOFINTEREST,SOC_POINTSOFINTEREST_UNIVERSITY,TRIAL,TAX_FNCACT_ATTORNEY,GENERAL_HEALTH,MEDICAL,WB_1973_FINANCIAL_RISK_REDUCTION,WB_435_AGRICULTURE_AND_FOOD_SECURITY,WB_337_INSURANCE,WB_1967_AGRICULTURAL_RISK_AND_SECURITY,WB_625_HEALTH_ECONOMICS_AND_FINANCE,WB_621_HEALTH_NUTRITION_AND_POPULATION,WB_1287_HEALTH_INSURANCE,EPU_CATS_HEALTHCARE]","[2#Texas, United States#US#USTX#31.106#-97.6475#TX,3#Washington, Washington, United States#US#USDC#38.8951#-77.0364#531871,3#Dallas, Texas, United States#US#USTX#32.7831#-96.8067#138094]",[daniel mccarth],[emory universit]
16,https://www.wgrr.com/news/nipsey-hussles-brother-reveals-details-about-the-rappers-final-moments/,Nipsey Hussle’s Brother Reveals Details About The Rapper’s Final Moments,"During a recent discussion with radio personality Big Boy on his Off Air interview series, Nipsey Hussle‘s older brother, Blacc Sam, opened up about the last moments of the rap star’s life. Nipsey was shot and killed in South Central Los Angeles on March 31, 2019. Sam was optimistic that Nipsey would survive the shooting, but revealed that his world was turned upside down when his brother died. “Just couldn’t understand it. It was like the Twilight Zone after that,” he recalled. “Everything I believed in — my faith was shattered.”

Sam went on to disclose the events that led up to his brother getting shot. “They say he came back with a red shirt on. Tip-toed through the alley, went right and started shooting,” Sam said of the killer. “So, to me that’s premeditated. Number one, there’s no red shirts in the hood. Can’t buy no red shirt, no liquor store sell no red shirt. Number two, when a n—a come through the alley with the red shirt, that’s the throw-off.” (Billboard)","[MEDIA_MSM,MANMADE_DISASTER_IMPLIED,KILL,CRISISLEX_T03_DEAD,TAX_FNCACT,TAX_FNCACT_KILLER,CRISISLEX_C07_SAFETY]","[3#Los Angeles, California, United States#US#USCA#34.0522#-118.244#166232]","[nipsey hussle,big boy,blacc sa]",[]
15,https://katu.com/news/nation-world/new-biden-administration-rule-would-make-canceling-subscriptions-easier-sign-up-gym-streaming-insurance-phone-internet-payment-customers-court-challenges,New Biden Administration rule would make canceling subscriptions easier,"The Biden administration just announced a handful of policies to make canceling subscriptions and memberships as easy as it is to sign up.

""It's pretty easy to sign up. You can go to a website for example and sign up but then if you want to cancel, you can't use the website,"" said Daniel McCarthy, a marketing professor at Emory University.

Through the and , the rule would require companies to make signing up and canceling the same. Which for some companies, isn't the case right now.

They make it a lot more difficult to leave than to start,"" McCarthy said.

McCarthy said whether it's a gym membership or a streaming service, the reason some companies make canceling more difficult is to generate added revenue.

""Someone doesn't want the service anymore but because of all the loops they have to go through to cancel, the company ends up getting an extra subscription payment or two or six,"" said McCarthy.

According to , 99% of U.S. households pay for at least one streaming service. But Chad Ruback, an appellate attorney in Dallas, Texas said those customers shouldn't expect these rules to be rolled out anytime soon.

A company that sells you this streaming service, that sells your gym subscription, is likely going to challenge this in a court,"" said Ruback.

Ruback said there's a chance the rules don't take effect at all.

""Just because a rule has been promulgated by a federal agency doesn't mean that rule is going to stick,"" said Ruback.

Along with streaming services and gym memberships, the rules would also apply to phone and internet companies and health insurance companies, allowing claims to be submitted online rather than only by mail.","[USPEC_POLICY1,DELAY,EDUCATION,TAX_FNCACT,TAX_FNCACT_PROFESSOR,SOC_POINTSOFINTEREST,SOC_POINTSOFINTEREST_UNIVERSITY,TRIAL,TAX_FNCACT_ATTORNEY,GENERAL_HEALTH,MEDICAL,WB_1973_FINANCIAL_RISK_REDUCTION,WB_435_AGRICULTURE_AND_FOOD_SECURITY,WB_337_INSURANCE,WB_1967_AGRICULTURAL_RISK_AND_SECURITY,WB_625_HEALTH_ECONOMICS_AND_FINANCE,WB_621_HEALTH_NUTRITION_AND_POPULATION,WB_1287_HEALTH_INSURANCE,EPU_CATS_HEALTHCARE]","[2#Texas, United States#US#USTX#31.106#-97.6475#TX,3#Dallas, Texas, United States#US#USTX#32.7831#-96.8067#1380944,3#Washington, Washington, United States#US#USDC#38.8951#-77.0364#53187]",[daniel mccarth],[emory universit]
15,https://www.wwqq101.com/news/morgan-wallens-felony-hearing-has-been-pushed-back-to-december/,Morgan Wallen’s Felony Hearing Has Been Pushed Back To December,"Morgan Wallen was originally scheduled to appear in court this Thursday (August 15) on three felony counts for throwing a chair off the roof of Eric Church‘s bar in Nashville. But the court date has now been moved back to December 12 after the judge granted a continuance in the case. Wallen is heading to Sweden later this month to kick off the European leg of his tour on August 28 in Stockholm. The country superstar was arrested in Nashville back on April 7, after a chair thrown from the rooftop of Chief’s on Broadway landed near two police officers. Wallen was charged with three felony counts of reckless endangerment and one misdemeanor count of disorderly conduct. “I’m not proud of my behavior, and I accept responsibility,” Wallen said in a statement back on April 19 regarding his arrest. “I have the utmost respect for the officers working every day to keep us all safe. Regarding my tour, there will be no change.” (Billboard)","[TRIAL,SOC_GENERALCRIME,TAX_RELIGION,TAX_RELIGION_CHURCH,TAX_FNCACT,TAX_FNCACT_JUDGE,ARREST,CRISISLEX_C07_SAFETY,TAX_FNCACT_CHIEF,SECURITY_SERVICES,TAX_FNCACT_POLICE,TAX_FNCACT_OFFICERS,CRISISLEX_CRISISLEXREC,UNGP_FORESTS_RIVERS_OCEANS]","[4#Stockholm, Stockholm, Sweden#SW#SW26#59.3333#18.05#-2524279,1#Sweden#SW#SW#62#15#S]","[morgan wallen,eric churc]",[eric churc]
15,https://www.maitlandmercury.com.au/story/8729111/woman-charged-with-murder-of-10-year-old-girl/,Confronting scene as mum charged with daughter's murder,"Police describe the circumstances of the murder investigation in Carrara as extremely difficult. Photo: Darren England/AAP PHOTOS

A mother has been charged with murder following the death of her 10-year-old daughter on Queensland's Gold Coast.

Subscribe now for unlimited access .

or signup to continue reading

All articles from our website

The digital version of Today's Paper

Breaking news alerts direct to your inbox

All articles from the other in your area

The woman has been named by multiple news outlets as Yingying Xu, 46, after a media lawyer successfully argued in court against a suppression order on her name and that of the alleged victim, her daughter Sophie Wang.

Police had been called to an address at Emerald Lakes in Carrara just after 6pm on Tuesday, after 10-year-old Sophie was found unresponsive by her father.

Paramedics attempted to revive her but she was declared dead at the scene.

Xu was arrested at a nearby street about 10.25pm before being charged.

Authorities conducted an efficient investigation under extremely difficult circumstances that led to her arrest, Detective Acting Inspector Kent Ellis said.

""The scene was incredibly confronting and our attending members, both QPS and paramedics will be receiving the necessary support,"" he told reporters on Wednesday.

""In my 15-year career as a detective, it's one of the most confronting scenes that I have seen.""

The girl's school has mobilised counselling and care teams to provide support to its community. (Darren England/AAP PHOTOS)

A statement from the girl's school acknowledged the devastating news of her death.

""Our prayers are with the family, friends, first responders and all affected by the loss of this beloved child in her home,"" the statement read.

""Our priority is supporting our community at this difficult time. We have mobilised our counselling and pastoral care teams to provide comprehensive support to students, staff and parents as our community comes to terms with this distressing news.

""We ask for understanding and respect for the privacy of our families and students at this time.""

Australian Associated Press

Advertisement

Ad

Get the latest Maitland news in your inbox

Sign up for our newsletter to stay up to date.

Email address

We care about the protection of your data. Read our Privacy Policy.

Advertisement

Ad","[TAX_FNCACT,TAX_FNCACT_WOMAN,TRIAL,SOC_GENERALCRIME,TAX_WORLDLANGUAGES,TAX_WORLDLANGUAGES_AMINI,CRISISLEX_CRISISLEXREC,CRISISLEX_T03_DEAD,WB_2936_GOLD,WB_507_ENERGY_AND_EXTRACTIVES,WB_895_MINING_SYSTEMS,WB_1699_METAL_ORE_MINING,SECURITY_SERVICES,TAX_FNCACT_POLICE,CRISISLEX_C07_SAFETY,TAX_FNCACT_CHILD,TAX_FNCACT_PARAMEDICS,TAX_FNCACT_DETECTIVES,EPU_CATS_MIGRATION_FEAR_FEAR,WB_2024_ANTI_CORRUPTION_AUTHORITIES,WB_696_PUBLIC_SECTOR_MANAGEMENT,WB_840_JUSTICE,WB_2025_INVESTIGATION,WB_831_GOVERNANCE,WB_832_ANTI_CORRUPTION,WB_1014_CRIMINAL_JUSTICE,ARREST,TAX_FNCACT_MAGISTRATES]","[4#Southport, Queensland, Australia#AS#AS04#-27.9667#153.4#-1601419,1#Ghana#GH#GH#8#-2#G]",[],[southport magistrates court o]
15,https://www.glasgowtimes.co.uk/news/national/24514252.banknotes-among-first-feature-king-auctioned-900-000/,"Banknotes among first to feature King auctioned for more than £900,000","The notes, which had a face value of about £78,000, were among the earliest to be released featuring the new monarch after new £5, £10, £20 and £50 notes entered circulation in June.

One sheet of £50 notes went for £26,000, breaking the record for the highest lot sold in a Bank of England banknote auction.

This was followed by the £10 auction where a single note was sold for £17,000 with the serial number HB01 00002.

Collectors look for banknotes with the lowest serial number possible – or as close to 00001 as they can find – which is why they paid above the odds for the notes.

The auction was carried out by Spink in London.

Sarah John, chief cashier and executive director of banking at the Bank of England, said: “I am thrilled that the auctions and public ballot of low-numbered King Charles III banknotes have raised a remarkable £914,127 that will be donated to 10 charities chosen by Bank of England staff.

“Each charity does incredible work and the monies raised will have a positive impact on people across the UK.”

The list of charities is Childhood Trust, the Trussell Trust, Shout, Carers UK, Demelza, WWF-UK, the Brain Tumour Charity, London’s Air Ambulance Charity, Child Bereavement UK and the Samaritans.

There are more than 4.6 billion Bank of England notes in circulation, worth about £82 billion.

Although the Bank of England started to produce banknotes in the 17th century, Charles’s mother, the late Queen, was the first British sovereign to be given the honour in 1960 on a £1 paper note.

The use of banknotes and paper cash is declining, with a recent survey for Link indicating that nearly half (48%) of people expect to see a cashless society in their lifetime.

Nonetheless, post offices handled a record amount of cash in July, with transactions totalling £3.77 billion.","[EPU_CATS_MONETARY_POLICY,ECON_INTEREST_RATES,EPU_POLICY,EPU_POLICY_INTEREST_RATES,TAX_FNCACT,TAX_FNCACT_AUCTIONEER,TAX_FNCACT_CHIEF,TAX_FNCACT_CASHIER,TAX_FNCACT_EXECUTIVE,TAX_FNCACT_DIRECTOR,TAX_FNCACT_EXECUTIVE_DIRECTOR,TAX_FNCACT_KING,TAX_DISEASE,TAX_DISEASE_TUMOUR,TAX_DISEASE_BRAIN_TUMOUR,GENERAL_HEALTH,WB_635_PUBLIC_HEALTH,WB_2165_HEALTH_EMERGENCIES,WB_621_HEALTH_NUTRITION_AND_POPULATION,WB_1324_EMERGENCY_MEDICAL_SERVICES,TAX_FNCACT_CHILD,TAX_WORLDLANGUAGES,TAX_WORLDLANGUAGES_SAMARITANS,TAX_FNCACT_QUEEN]","[1#United Kingdom#UK#UK#54#-4#UK,4#London, London, City Of, United Kingdom#UK#UKH9#51.5#-0.116667#-260188]","[sarah john,john walto]","[london air ambulance charity,brain tumour charit]"
15,https://wksn.com/news-and-closings/health-headlines/f21aaa5cf97c2051d192aadba3d7dbc7,Health News - Media One Radio Group (WWSE,"(NEW YORK) -- Authorities warned residents of Lincoln, New Hampshire, to monitor themselves for symptoms of Legionnaires' disease after five people fell ill in June and July.

The New Hampshire Department of Health and Human Services on Monday linked the outbreak of the bacterial pneumonia -- which is caused by inhaling water droplets contaminated with Legionella bacteria -- to a cooling tower behind the RiverWalk Resort in downtown Lincoln.

""Anybody who has visited the area near the contaminated cooling tower should monitor themselves for symptoms,"" Dr. Benjamin Chan, New Hampshire state epidemiologist, said in a DHHS statement.

""People who develop fever or other symptoms of pneumonia within 14 days after spending time in this area should talk to their healthcare provider about testing for Legionella infection,"" he added.

The cooling tower has been sanitized and put back into operation after discussion with state officials, RiverWalk Vice President Renee Blood told ABC News affiliate WMUR-TV.

""Out of an abundance of caution, additional testing will be performed later this week,"" Blood told WMUR.

The test results are expected next week.

DHHS said the cooling tower's continued operation could mean further exposure risks, particularly for people within a half-mile of the facility.

""Anyone who is visiting the specified area should assess their health risk,"" DHHS said. ""Those who are older, are current or former smokers, have weakened immune systems, or have certain medical conditions like chronic lung disease and diabetes are at higher risk for developing Legionnaire's disease.""

Symptoms usually begin between two and 14 days following exposure and can include fever, cough and shortness of breath. The bacteria can also cause serious pneumonia, the stage known as Legionnaires' disease. The condition can be fatal if left untreated.

DHHS noted, however, that most healthy people exposed to Legionella bacteria do not fall ill.

Copyright © 2024, ABC Audio. All rights reserved.","[TAX_FNCACT,TAX_FNCACT_AUTHORITIES,CRISISLEX_CRISISLEXREC,EPU_POLICY,EPU_POLICY_AUTHORITIES,TAX_FNCACT_LEGIONNAIRE,GENERAL_HEALTH,TAX_DISEASE,TAX_DISEASE_DISEASE,WB_1406_DISEASES,WB_621_HEALTH_NUTRITION_AND_POPULATION,UNGP_HEALTHCARE,AFFECT,SICKENED,MEDICAL,TAX_WORLDMAMMALS,TAX_WORLDMAMMALS_HUMAN,TAX_DISEASE_OUTBREAK,WB_635_PUBLIC_HEALTH,WB_2165_HEALTH_EMERGENCIES,WB_2166_HEALTH_EMERGENCY_PREPAREDNESS_AND_DISASTER_RESPONSE,WB_2167_PANDEMICS,TAX_DISEASE_BACTERIAL,TAX_DISEASE_PNEUMONIA,TAX_DISEASE_BACTERIAL_PNEUMONIA,WB_137_WATER,TAX_DISEASE_BACTERIA,URBAN,TAX_FNCACT_EPIDEMIOLOGIST,TAX_DISEASE_FEVER,USPEC_POLICY1,EPU_POLICY_SPENDING,TAX_DISEASE_INFECTION,TAX_DISEASE_LEGIONELLA_INFECTION,TAX_FNCACT_OFFICIALS,LEADER,TAX_FNCACT_PRESIDENT,USPEC_POLITICS_GENERAL1,TAX_FNCACT_VICE_PRESIDENT,CRISISLEX_C03_WELLBEING_HEALTH,TAX_DISEASE_DIABETES,TAX_CHRONICDISEASE,TAX_CHRONICDISEASE_DIABETES,WB_1433_DIABETES,WB_1427_NON_COMMUNICABLE_DISEASE_AND_INJURY,MANMADE_DISASTER_IMPLIED,EPU_CATS_REGULATION]","[2#New Hampshire, United States#US#USNH#43.4108#-71.5653#N]",[benjamin cha],"[human services on,hampshire department of healt]"
15,https://www.eastlondonadvertiser.co.uk/news/24515937.chipotle-leicester-square-review-burritos-tacos/,"Chipotle in Leicester Square review: Burritos, tacos and more","Known for its fresh, customizable Mexican-inspired dishes, this restaurant chain has been making food dreams come true since 1993.

With a menu packed with burritos, tacos, bowls, and salads featuring responsibly sourced meats, fresh veggies, and house-made salsas, it was high time I joined the Chipotle fan club.

So, my colleagues and I headed to the Chipotle in Leicester Square, where we were greeted by a sea of customers tucking in to their creations.

Naturally, I went for the chicken burrito—simple, classic, and basically fool-proof.

I didn’t hold back on the toppings: brown rice, roasted veggies, salsa, guac, and a mountain of cheese (because, let’s face it, more cheese is always the right choice).

Now, before the burrito purists start sharpening their pitchforks, yes, I skipped the kidney beans.

I know it’s burrito blasphemy, but they just don’t do it for me.

One by one, we shuffled down the assembly line, picking our food for the day. Some colleagues went for the vegan option, while another opted for the burrito bowl (also known as the ""naked burrito"").

When my burrito was handed over, it felt like I was holding a small, deliciously stuffed baby. Heavy, bursting at the seams, and every bite was a taste of heaven.

The chicken was tender, the veggies paired perfectly with the sour cream and cheese, and I was in food nirvana.

We all sat down, barely said three words to each other, and before we knew it, our stomachs were stuffed, and our brains were in a burrito-induced bliss.

With the ability to build your own burrito, bowl, or taco with top-notch ingredients, it’s no surprise Chipotle is blowing up on social media.

And now, the popular chain is rolling out Kids Meals for the first time.

Little ones can choose between the ""build your own taco"" option, with soft or hard-shell tortillas, or the quesadilla kids’ meal.

Our Chipotle experience was fantastic, and I’ll be back (maybe even to give those kidney beans another shot).","[UNGP_FORESTS_RIVERS_OCEANS,TAX_FOODSTAPLES,TAX_FOODSTAPLES_RICE,WB_1979_NATURAL_RESOURCE_MANAGEMENT,WB_435_AGRICULTURE_AND_FOOD_SECURITY,WB_1986_MOUNTAINS,TAX_FNCACT,TAX_FNCACT_BABY,WB_678_DIGITAL_GOVERNMENT,WB_694_BROADCAST_AND_MEDIA,WB_133_INFORMATION_AND_COMMUNICATION_TECHNOLOGIES,MEDIA_SOCIAL,WB_652_ICT_APPLICATIONS,WB_662_SOCIAL_MEDIA,WB_658_ENTERPRISE_APPLICATIONS,AFFECT]","[4#Leicester, Leicester, United Kingdom#UK#UKH4#52.6333#-1.13333#-260096]",[],[]
14,https://www.timesandstar.co.uk/news/national/uk-today/24515860.pension-trick-earns-665-year-stops-hmrc-tax/,Pension trick that earns you £665 a year and stops HMRC tax,"People about to claim their state pension may find themselves suddenly paying a large amount of tax thanks to the personal allowance remaining frozen at £12,570 a year, while the state pension continues to rise due to the triple lock.

Even if you've already started claiming your pension, you could still take advantage.

The personal allowance is the amount of income you can earn from work and various side hustles without paying tax.

But as state pension income will now bring you £11,502 a year, you would need only an additional £1,068 from a part-time job, selling goods online or renting out a room to force you into paying tax.

Your pension could even push you into a higher tax bracket if you have significant earnings.

Harvey Jones told the Express the freeze on personal allowance is in place until the 2027/28 tax year. But there is one option to avoid tax that may be suitable for those approaching retirement, reports the Express. Research from retirement specialist Just Group reveals that one in four Britons are unaware that they are not required to draw their state pension when they reach 66.

Instead, they have the option to defer drawing their pension and receive a larger amount when they eventually decide to take it. Deferring the state pension won't be the right choice for everyone. The vast majority of retirees need every penny they can get and will claim their pension as soon as possible.

However, for those with other sources of income, deferring can bring significant tax benefits. Initially, deferring your state pension might mean forgoing income, but there are incentives.

Those eligible for the new state pension starting can earn a one per cent increase in their pension for every nine weeks they delay. This works out as almost a 5.8 per cent boost for each year of deferral.

With the current full new state pension at £11,502 annually, holding off for a year could mean nearly an extra £665. This additional amount will increase annually with the rest of the state pension under the triple lock.

Stephen Lowe, communications director for Just Group said: ""It takes at least 15 years to recoup the pension you originally sacrifice. After that, though, you're in profit.""

Recommended reading:

House sales increased by 8% annually in June – HMRC figures

HMRC reveals major change for drivers introduced in June

HMRC Child Benefit payments delays as thousands missing out

Deferring becomes particularly advantageous as life expectancy increases. ""Deferral therefore suits those who are in better health with higher life expectancy,"" Lowe said.

How to defer your pension

Deferring your state pension is simpler than you might think. Roughly two months before you turn 66, you'll receive a letter from the DWP asking if you want to claim your state pension.

If you don't respond, it will be automatically deferred until you decide to claim it. If you've already started claiming your state pension, you can choose to pause it to accumulate more money for the future. However, this option is only available once.","[RETIREMENT,ECON_TAXATION,USPEC_POLICY1,EPU_POLICY,EPU_POLICY_TAX,EPU_CATS_TAXES,TAX_FNCACT,TAX_FNCACT_ADVISERS,WB_678_DIGITAL_GOVERNMENT,WB_694_BROADCAST_AND_MEDIA,WB_133_INFORMATION_AND_COMMUNICATION_TECHNOLOGIES,MEDIA_SOCIAL,WB_652_ICT_APPLICATIONS,WB_662_SOCIAL_MEDIA,WB_658_ENTERPRISE_APPLICATIONS,WB_1634_OLD_AGE_PENSION,WB_1466_SOCIAL_ASSISTANCE,WB_1633_TARGETED_SOCIAL_PENSIONS,WB_1624_SOCIAL_PENSIONS,WB_697_SOCIAL_PROTECTION_AND_LABOR,WB_2690_CATEGORIES_OF_EMPLOYMENT,WB_2670_JOBS,WB_2689_JOBS_DIAGNOSTICS,WB_2896_RETIREMENT,TAX_FNCACT_SPECIALIST,WB_696_PUBLIC_SECTOR_MANAGEMENT,WB_2048_COMPENSATION_CAREERS_AND_INCENTIVES,WB_723_PUBLIC_ADMINISTRATION,WB_724_HUMAN_RESOURCES_FOR_PUBLIC_SECTOR,DELAY,USPEC_UNCERTAINTY1,TAX_FNCACT_DIRECTOR,GENERAL_HEALTH,WB_621_HEALTH_NUTRITION_AND_POPULATION,WB_1448_DEMOGRAPHIC_CHANGE,WB_2666_LIFE_EXPECTANCY,MEDICAL]",[1#United Kingdom#UK#UK#54#-4#U],"[harvey jones,stephen low]","[express,just grou]"
14,https://www.maitlandmercury.com.au/story/8728014/2024-nissan-navara-black-edition-is-darker-but-dearer/?cs=34616,2024 Nissan Navara Black Edition is darker but dearer,"Nissan is rolling out a limited edition of its Navara ute, bringing with it premium rubber and stealthy styling tweaks.

Subscribe now for unlimited access .

or signup to continue reading

All articles from our website

The digital version of Today's Paper

Breaking news alerts direct to your inbox

All articles from the other in your area

The Black Edition, based on the ST Dual Cab 4×4 automatic, is arriving in September with 400 examples earmarked for Australia.

It adds blacked-out exterior trim elements and alloy wheels, the latter of which are wrapped in Yokohama Geolander all-terrain tyres.

A new Nissan soft tonneau cover is standard or, for an extra $500, buyers can opt for an Australian-made and engineered electric rolling cover and rear tailgate central locking, designed by Victorian aftermarket brand HSP.

HSP already produces an array of aftermarket accessories for the Navara, with all of its products manufactured in Victoria. With the optional rolling cover and tailgate upgrades selected, the Black Edition offers $9700 worth of extra goodies, or an increase of $5500 over the standard ST Dual Cab 4×4 auto.

2024 Nissan Navara Black Edition is darker but dearer

2024 Nissan Navara Black Edition is darker but dearer

The Nissan Navara Black Edition, like the ST it's based on, is powered by a twin-turbo 2.3-litre diesel four-cylinder engine producing 140kW of power and 450Nm of torque.

That engine is mated with a seven-speed automatic transmission, with a part-time four-wheel drive system with low-range and an electronically locking rear differential included as standard.

The ST Dual Cab 4×4 automatic offers the following equipment as standard:

17-inch alloy wheels

Full-size spare steel wheel

Tailgate assist

Automatic LED headlights

LED fog lights

LED tail lights

Automatic high-beam

Privacy glass

Power sliding rear window

Rain-sensing wipers

Heated side mirrors

Single tube sports bar in polished stainless steel

Off-road monitor

8.0-inch touchscreen infotainment system

Wired Apple CarPlay and Android Auto

Satellite navigation

DAB+ digital radio

7.0-inch instrument cluster screen

Cloth upholstery

Leather-accented steering wheel

Leather-accented shifter

Carpet floors

Anti-dazzle rear-view mirror

Outboard rear seat ISOFIX points

Trailer sway control

Hill descent control

Hill start assist

The Black Edition adds:

17-inch black alloy wheels

Yokohama Geolander A/T tyres

Black door handles

Black mirror caps

Matte black front grille surrounds

Nissan Genuine Accessories available for the Black Edition include:

Single tube black sports bar

Tub liner

Black Edition door/tub decals

Soft tonneau cover

The optional HSP accessories include:

HSP electric rolling cover

HSP rear tailgate central locking

HSP accessories allow owners to retract or cover the tub using the Navara's key fob or via the HSP mobile app.

Available colours include:

Black Star

Solid White

Twilight Grey (+$700)

Brilliant Silver (+$700)

2024 Nissan Navara Black Edition is darker but dearer

2024 Nissan Navara Black Edition is darker but dearer

Black Edition models will retain all standard safety equipment from the ST, which includes:

7 airbags

Autonomous emergency braking

Driver attention monitoring

Reversing camera

Blind-spot monitoring and assist

Rear cross-traffic alert

Lane-keep assist

Lane departure warning

Surround-view camera

Rear parking sensors

Click on the images for the full gallery

MORE: Everything Nissan Navara

Content originally sourced from: CarExpert.com.au

Advertisement

Ad

Get the latest Maitland news in your inbox

Sign up for our newsletter to stay up to date.

Email address

We care about the protection of your data. Read our Privacy Policy.

Advertisement

Ad","[TAX_ETHNICITY,TAX_ETHNICITY_BLACK]",[1#Australia#AS#AS#-25#135#A],[],[nissa]
14,https://www.wcsufm.org/latest-from-npr/2024-08-13/colorado-clerk-found-guilty-of-giving-election-deniers-access-to-voting-equipment,Colorado clerk found guilty of giving election deniers access to voting equipment,"STEVE INSKEEP, HOST:

Some other news now - a former county clerk in western Colorado has been found guilty of seven charges for her involvement in giving an unauthorized person access to election equipment. She was found not guilty on some other counts. Colorado Public Radio's Bente Birkeland has been covering the case.

BENTE BIRKELAND, BYLINE: Colorado's investigation into former Mesa County clerk Tina Peters began three years ago, when images taken during a secure update of her county's voting machines surfaced online in 2021. They were posted by people trying to undermine the validity of the 2020 presidential election. They got the images from Peters. In his closing arguments, prosecutor Robert Shapiro said it's a case about deceit to trick others.

(SOUNDBITE OF ARCHIVED RECORDING)

ROBERT SHAPIRO: Most telling was the defendant offering up her office and herself to aid outsiders to gain unauthorized access to secured election systems that she was entrusted to protect.

BIRKELAND: The jury found Peters guilty of attempts to influence a public servant and conspiracy to commit criminal impersonation. Peters told county and state workers she was bringing a new employee to attend the state's update of the voting machines, but Peters brought someone else - a California man with ties to the CEO of My Pillow, Mike Lindell. Both have been active in national efforts to prove false claims of election fraud. Neither is charged in the Colorado case. Peters' defense said she broke no rules, and everything she did was within her authority as clerk. Here's attorney John Case.

(SOUNDBITE OF ARCHIVED RECORDING)

JOHN CASE: There's also no dispute about what was going to happen when the state got in there to do the trusted build. They were going to erase all the records.

BIRKELAND: State officials deny that the update deleted election records. The jury found Peters not guilty on three counts, including that she stole a local man's identity. They found that the man was willingly involved in the plot. Peters' sentencing is set for October 3. Meanwhile, there is still an ongoing federal investigation. For NPR News, I'm Bente Birkeland in Denver.

(SOUNDBITE OF OFFTHEWALLY'S ""BOWER"") Transcript provided by NPR, Copyright NPR.","[TRIAL,TAX_FNCACT,TAX_FNCACT_CLERK,SOC_GENERALCRIME,ELECTION,CRISISLEX_C07_SAFETY,EPU_CATS_REGULATION]","[2#Colorado, United States#US#USCO#39.0646#-105.327#CO,3#Mesa County, Colorado, United States#US#USCO#39.0333#-108.467#19815]",[donald trum],[]
14,https://www.wdjx.com/olympic-officials-reject-usa-gymnastics-appeal-for-jordan-chiles-bronze/,Olympic Officials Reject USA Gymnastics Appeal For Jordan Chiles' Bronze,"Another blow for Jordan Chiles as USA Gymnastics shares that its appeal to have her bronze medal reinstated for her individual floor exercise at the 2024 Paris Olympics was rejected. Chiles took a break from social media for her “mental health.”

Judges had originally in the moment accepted the coach’s appeal that Chiles wasn’t given full credit for completing a move in her routine, and changed her difficulty score that catapulted her from fifth to third. But then officials found the appeal was made 4 SECONDS after the one minute deadline. USA Gymnastics turned in video evidence they submitted well before the deadline, but it was rejected.

They plan more appeals. In the meantime, women’s water polo hype man Flava Flav had a bronze medallion made for Chiles.",[],"[4#Paris, France (General), France#FR#FR00#48.8667#2.33333#-1456928,1#United States#US#US#39.828175#-98.5795#U]",[flavor fla],[united state]
14,https://www.wtma.com/news/docs-fear-of-treating-ectopic-pregnancies-risks-womens-lives/,Docs Fear of Treating Ectopic Pregnancies Risks Women’s Lives,"Emergency room doctors are grappling with mortal, legal, and ethical dilemmas in treating ectopic pregnancies, a life-threatening condition where a fertilized egg implants outside the uterus. And the fear of violating abortion laws is leaving women in critical conditions untreated, as highlighted by an Associated Press report on Monday.

One such case involved Kyleigh Thurman, a 25-year-old from Texas, who sought emergency medical care at Ascension Seton Williamson for an ectopic pregnancy. In the midst of her bleeding and in pain, she was sent home with a pamphlet on miscarriage and told to “let nature take its course.” When she returned three days later, her fallopian tube had ruptured.

“I was left to flail,” Thurman recalled. “It was nothing short of being misled.”","[CRISISLEX_CRISISLEXREC,MED_EMERGENCYROOM,GENERAL_HEALTH,MEDICAL,TAX_FNCACT,TAX_FNCACT_DOCTORS,CRISISLEX_C03_WELLBEING_HEALTH,WB_1454_EMERGENCY_OBSTETRIC_CARE,WB_641_REPRODUCTIVE_AND_MATERNAL_HEALTH,WB_621_HEALTH_NUTRITION_AND_POPULATION,WB_639_REPRODUCTIVE_MATERNAL_AND_CHILD_HEALTH,EPU_CATS_MIGRATION_FEAR_FEAR,LEGISLATION,TAX_FNCACT_WOMEN,UNGP_FORESTS_RIVERS_OCEANS,TAX_DISEASE,TAX_DISEASE_PREGNANCY,TAX_DISEASE_MISCARRIAGE]","[2#Texas, United States#US#USTX#31.106#-97.6475#T]","[kyleigh thurman,seton williamso]",[associated pres]
14,https://www.wtma.com/news/trump-decries-nonproductive-illegal-migrants/,Trump Decries ‘Nonproductive’ Illegal Migrants,"Republican presidential nominee Donald Trump modified his line of attack on illegal immigration Monday, telling Elon Musk that in addition to dangerous people, countries are also sending the United States “nonproductive” illegal migrants.

In a “conversation,” as Musk called it, that was delayed more than 40 minutes on his social media platform, X, Trump panned illegal immigration under Vice President Kamala Harris’ watch but with a twist. Trump decried the “rough people” who are coming into the country illegally but touched on lazy ones, too.

“We’re also taking their nonproductive people. They won’t kill you. But they’re getting rid of these nonproductive people who don’t want to do anything,” Trump told Musk.","[TAX_POLITICAL_PARTY,TAX_POLITICAL_PARTY_REPUBLICAN,USPEC_POLITICS_GENERAL1,TAX_FNCACT,TAX_FNCACT_NOMINEE,CRISISLEX_CRISISLEXREC,IMMIGRATION,WB_2670_JOBS,WB_2769_JOBS_STRATEGIES,WB_2837_IMMIGRATION,WB_2836_MIGRATION_POLICIES_AND_JOBS,EPU_CATS_MIGRATION_FEAR_MIGRATION,DELAY,USPEC_UNCERTAINTY1,CRISISLEX_C04_LOGISTICS_TRANSPORT,WB_678_DIGITAL_GOVERNMENT,WB_694_BROADCAST_AND_MEDIA,WB_133_INFORMATION_AND_COMMUNICATION_TECHNOLOGIES,MEDIA_SOCIAL,WB_652_ICT_APPLICATIONS,WB_662_SOCIAL_MEDIA,WB_658_ENTERPRISE_APPLICATIONS,LEADER,TAX_FNCACT_PRESIDENT,TAX_FNCACT_VICE_PRESIDENT,KILL]",[1#United States#US#US#39.828175#-98.5795#U],"[elon musk,donald trum]",[united state]
14,https://kfoxtv.com/news/nation-world/new-biden-administration-rule-would-make-canceling-subscriptions-easier-sign-up-gym-streaming-insurance-phone-internet-payment-customers-court-challenges,New Biden Administration rule would make canceling subscriptions easier,"The Biden administration just announced a handful of policies to make canceling subscriptions and memberships as easy as it is to sign up.

""It's pretty easy to sign up. You can go to a website for example and sign up but then if you want to cancel, you can't use the website,"" said Daniel McCarthy, a marketing professor at Emory University.

Through the and , the rule would require companies to make signing up and canceling the same. Which for some companies, isn't the case right now.

They make it a lot more difficult to leave than to start,"" McCarthy said.

McCarthy said whether it's a gym membership or a streaming service, the reason some companies make canceling more difficult is to generate added revenue.

""Someone doesn't want the service anymore but because of all the loops they have to go through to cancel, the company ends up getting an extra subscription payment or two or six,"" said McCarthy.

According to , 99% of U.S. households pay for at least one streaming service. But Chad Ruback, an appellate attorney in Dallas, Texas said those customers shouldn't expect these rules to be rolled out anytime soon.

A company that sells you this streaming service, that sells your gym subscription, is likely going to challenge this in a court,"" said Ruback.

Ruback said there's a chance the rules don't take effect at all.

""Just because a rule has been promulgated by a federal agency doesn't mean that rule is going to stick,"" said Ruback.

Along with streaming services and gym memberships, the rules would also apply to phone and internet companies and health insurance companies, allowing claims to be submitted online rather than only by mail.","[USPEC_POLICY1,DELAY,EDUCATION,TAX_FNCACT,TAX_FNCACT_PROFESSOR,SOC_POINTSOFINTEREST,SOC_POINTSOFINTEREST_UNIVERSITY,TRIAL,TAX_FNCACT_ATTORNEY,GENERAL_HEALTH,MEDICAL,WB_1973_FINANCIAL_RISK_REDUCTION,WB_435_AGRICULTURE_AND_FOOD_SECURITY,WB_337_INSURANCE,WB_1967_AGRICULTURAL_RISK_AND_SECURITY,WB_625_HEALTH_ECONOMICS_AND_FINANCE,WB_621_HEALTH_NUTRITION_AND_POPULATION,WB_1287_HEALTH_INSURANCE,EPU_CATS_HEALTHCARE]","[3#Dallas, Texas, United States#US#USTX#32.7831#-96.8067#1380944,3#Washington, Washington, United States#US#USDC#38.8951#-77.0364#531871,2#Texas, United States#US#USTX#31.106#-97.6475#T]",[daniel mccarth],[emory universit]
14,https://www.thechronicle-online.com:443/news/local-news/police-say-there-is-no-active-investigation-related-to-reported-assault-near-waterford-ponds-2,Police say there is no active investigation related to reported assault near Waterford ponds,"Article content

The person who made the post said a friend was assaulted “both on foot while walking her two dogs as well as in her vehicle.”

Posts by other individuals in response to the woman’s post mention incidents on the Waterford trail.

While police aren’t investigating the alleged incident, they are urging caution when residents are walking the trails.

“The safety of all trail users in Norfolk County is crucial, and we urge everyone using these trail systems to stay aware of their surroundings and report any suspicious or criminal activity to the police,” said Norfolk OPP Const. Andrew Gamble.

By Friday afternoon, the online post had generated about 170 comments from people, some of whom said a man who drives a dark-coloured pickup truck is known to harass women in the area.

Gamble said anyone who has been sexually assaulted is strongly encouraged to report the incident immediately to the Norfolk County OPP detachment at 1-888-310-1122.","[TAX_WORLDMAMMALS,TAX_WORLDMAMMALS_DOGS,MANMADE_DISASTER_IMPLIED,TAX_FNCACT,TAX_FNCACT_WOMAN,SECURITY_SERVICES,TAX_FNCACT_POLICE,CRISISLEX_C07_SAFETY,TAX_FNCACT_CRIMINAL,TAX_FNCACT_MAN,HARASSMENT,TAX_FNCACT_WOMEN,RAPE]","[4#Norfolk County, Ontario, Canada#CA#CA08#42.8333#-80.3333#-57025]",[andrew gambl],[]
14,https://wsbt.com/news/nation-world/marriott-sues-franchisee-for-allegedly-using-nyc-location-as-migrant-shelter-new-york-city-pride-hotel-immigration-asylum-seekers-southern-border-eric-adams,Marriott sues franchisee for allegedly using NYC location as migrant shelter,"Hotel brand Marriott International is suing a New York-based franchisee after it allegedly used a hotel as a migrant shelter.

The $2.6 million complaint accuses Pride Hotel, located in New York City, of entering into an agreement with city leaders to host migrants at the site. This “lucrative” partnership initiated “just months before” the hotel’s November 2023 opening allegedly violated its franchise agreement with Marriott without seeking the hotel brand’s consent.

“Thus, in addition to its actual damages (including lost fees for the balance of the contractual term), its right to liquidated damages, and damage to Marriott’s goodwill and reputation, Marriott has suffered a significant loss of opportunity in a competitive and desirable market,” the lawsuit reads.

Continuing, the brand explained Pride Hotel’s actions have led to “significant harm” to Marriott in a competitive hotel market.

The hotel brand claimed it received a letter from Pride Hotel’s attorney saying it was not “economically feasible” for the hotels to open by its November 2023 deadline, citing “the poor state of the economy and continued slowdown in the hospitality industry.” That letter allegedly also contained a proposal to use the site for migrant housing.

Marriott claims it offered the hotel a “compromise agreement” to use the site as migrant housing. Pride Hotel allegedly did not respond to this agreement, however, “despite Marriott’s numerous attempts to engage with Pride Hotel.”

READ MORE |

“At all relevant times, and despite this impermissible Alternative Use of the Hotels, Pride Hotel failed or refused to deidentify the Hotels by removing Marriott-branded signage, proprietary marks, and trade dress,” the complaint reads.

This breach of contract, it claims, amounts to $2,603,708 in damages.

Pride Hotel could not be reached for comment.

New York City Mayor Eric Adams in February abandoned a plan to usecity luxury housing to house incoming migrants following . He also using an abandoned prison which had been condemned for having bug and rodent infestations and sewage leaks.

Jackson Walker on X at @_jlwalker_ for the latest trending national news. Have a news tip? Send it to jacwalker@sbgtv.com.","[TRIAL,TAX_FNCACT,TAX_FNCACT_FRANCHISEE,EPU_CATS_MIGRATION_FEAR_MIGRATION,TAX_FNCACT_LEADERS,CRISISLEX_CRISISLEXREC,CRISISLEX_T01_CAUTION_ADVICE,TAX_FNCACT_ATTORNEY,USPEC_POLICY1,EPU_ECONOMY,EPU_ECONOMY_HISTORIC,WB_698_TRADE,LEADER,TAX_FNCACT_MAYOR,GOV_LOCALGOV,CRISISLEX_C05_NEED_OF_SHELTERS,SOC_POINTSOFINTEREST,SOC_POINTSOFINTEREST_PRISON,WB_2495_DETENTION_PRISON_AND_CORRECTIONS_REFORM,WB_2470_PEACE_OPERATIONS_AND_CONFLICT_MANAGEMENT,WB_2432_FRAGILITY_CONFLICT_AND_VIOLENCE,WB_2490_NATIONAL_PROTECTION_AND_SECURITY,WB_137_WATER,WB_139_SANITATION_AND_WASTEWATER,WB_148_SEWERAGE,WB_1199_WATER_SUPPLY_AND_SANITATION,WB_2003_SANITATION_TECHNOLOGIES]","[2#New York, United States#US#USNY#42.1497#-74.9384#N]",[eric adam],"[pride hotel,marriott internationa]"
14,https://i95rocks.com/tags/sangerville/,Sangerville,"Family-Run Sangerville Brewery To Hold Music Festival in Sept.

Featuring all Maine artists playing original music, gates will open at 9 with music starting up between 10 and 11 AM. The festival will wrap up around 11 PM.","[TAX_FNCACT,TAX_FNCACT_ARTISTS]","[2#Maine, United States#US#USME#44.6074#-69.3977#M]",[],[]
13,https://www.pqbnews.com/trending-now/rubik-to-be-cracked-in-seconds-in-bcs-1st-speedcubing-championship-7483702,Rubik to be cracked in seconds in B.C.'s 1st speedcubing championship,"The Rubik's cube is going from the rec room to the championship stage.

Nanaimo is hosting British Columbia's first-ever speedcubing provincial championship this coming Friday through Sunday, Aug. 16-18, at the Beban Park Social Centre.

Approximately 150 speedcubers are registered to compete in the 13 different events, including the main event, the classic 3x3x3 cube.

""The idea for a provincial championship was floating around for quite a while … having a competition that is titled the B.C. championship that would entice the best of the best in our province to come out,"" said Heewon Hwang, a trainee delegate with Speedcubing Canada.

Anyone who has fiddled with a Rubik's cube knows how tricky it is to solve, but the speedcubers coming to town this week will make it look easy. B.C.'s current record holder Ethan Rusnak, for example, who will be one of the favourites at provincials, boasts an average solve time of 6.98 seconds.

Competitors will take turns solving at the front of the room. They use their own cubes, but tournament officials do the scrambling based on a computer-generated sequence of twists, and all the competitors in a group get the same series of scrambles.

""A lot of competitors, just varying by their skill level, they tend to have different solutions for the same scramble because they might see different things during inspection, they might have preferences for what kind of turns they're more comfortable with,"" Hwang said.

Cubers get 15 seconds to inspect their cube after it's been scrambled, then they set it down before picking it up to start the timer and their solve.

""I think it's definitely a cool thing to watch…"" Hwang said. ""Once you get on to the semifinals and finals a lot of the top competitors are solving at the same time.""

In addition to the 3x3x3, some of the other events include 2x2x2 cubes, 4x4x4, 5x5x5, 6x6x6, 7x7x7, as well as 3x3x3 one-handed and 3x3x3 blindfolded. Competitors who excel at multiple puzzles are known as 'all-rounders' and approximately 10 competitors are registered for all 13 events.

Most of the 150 competitors aren't likely to be in contention to win, but will look to improve their personal best times in competition, and will enjoy the social aspect of meeting new people and re-connecting with speedcubing friends they've met at past events.

""Generally people are looking out for each other, celebrating when anyone gets a good time because we all see the struggle that each of us go through and the practice that we go through and we appreciate the dedication that comes with breaking a mental barrier, breaking a time barrier, all of that,"" said Hwang.

The Rubik's cube was invented in 1974, 50 years ago, but continues to fascinate puzzlers and inspire the sort of competitions like the one coming up in Nanaimo.

""It's just a cube with three squares by three squares by three squares and it seems so simple, but there's billions and billions of combinations to it,"" Hwang said. ""Every time you scramble the cube – if it's not in a competition – then it's a unique scramble that nobody has ever gotten before, just statistically, and every time you solve it it's a different solution that no one else has seen before.""

The competition goes Friday from 10 a.m.-6 p.m., Saturday from 9 a.m.-6 p.m., and Sunday from 9 a.m.-4 p.m.","[TAX_FNCACT,TAX_FNCACT_DELEGATE,TAX_FNCACT_OFFICIALS,WB_1467_EDUCATION_FOR_ALL,WB_470_EDUCATION,WB_2131_EMPLOYABILITY_SKILLS_AND_JOBS,WB_1484_EDUCATION_SKILLS_DEVELOPMENT_AND_LABOR_MARKET,WB_1921_PRIVATE_SECTOR_DEVELOPMENT,WB_405_BUSINESS_CLIMATE,WB_2531_INSPECTIONS_LICENSING_AND_PERMITS,WB_2530_BUSINESS_ENVIRONMENT,CRISISLEX_T11_UPDATESSYMPATHY]","[1#United Kingdom#UK#UK#54#-4#UK,4#Nanaimo, British Columbia, Canada#CA#CA02#49.15#-123.917#-56990]","[ethan rusnak,heewon hwan]",[beban park social centr]
13,https://www.wandsworthguardian.co.uk/news/national/24514139.wage-growth-slows-two-year-low-unemployment-falls/,Wage growth slows to two-year low as unemployment falls,"The Office for National Statistics (ONS) revealed that regular wage growth was 5.4% year on year over the three months to June.

However, this slipped from 5.7% in the previous three months and represented the smallest increase since the period to July 2022.

The data found that UK workers saw an average increase of 2.4% once inflation was taken into account.

ONS director of economic statistics Liz McKeown said: “Basic pay growth, while remaining relatively strong, continues to slow.

“Growth in total pay slowed markedly, with last year’s one-off NHS bonuses affecting the comparison.”

The ONS also said the rate of unemployment was 4.2% over the three months to June, dropping from 4.4% over the previous three months.

A consensus of economists had predicted an increase to 4.5% for the quarter.

The statistics body said it reported a broad decrease in unemployment among surveyed Britons over 25.

The data also highlighted a “modest increase” in employment for the quarter, in another positive sign for the UK labour market.

Estimates for the number of payrolled employees in the UK increased by 14,000 between May and June 2024, the ONS said.

Ms McKeown added: “However, the medium-term picture remains somewhat subdued with the employment rate still lower than a year ago and the growth rate in the number of payrolled employees having slowed over the year.”

Another decline in vacancy rates also showed continued pressure in the UK jobs market.

The number of vacancies in the UK decreased by 26,000 to 884,000 for the three months to June.

Chancellor Rachel Reeves said: “Today’s figures show there is more to do in supporting people into employment because if you can work, you should work.

“This will be part of my Budget later in the year where I will be making difficult decisions on spending, welfare and tax to fix the foundations of our economy so we can rebuild Britain and make every part of our country better off.”

Hannah Slaughter, senior economist at the Resolution Foundation, said: “Workers’ pay packets continue to grow coming out of the cost-of-living crisis, but the recent strong real wage growth is running out of steam as productivity stagnates and the jobs market cools.

“While monetary policymakers may be less worried now about pay rises fuelling inflation, they should be concerned about the lack of reliable data on the wider state of the labour market.”

Economists indicated the Bank of England could seek to hold interest rates at 5% this month – after a reduction in August – on the back of continued wage growth, before resuming cuts later in the year.

ING’s James Smith said: “Officials are likely to disregard the latest fall in the unemployment rate owing to data concerns, but sticky wage growth suggests the Bank will keep rates on hold in September before resuming rate cuts at November’s meeting.”","[WB_856_WAGES,WB_1654_ACTIVE_LABOR_MARKET_POLICIES,WB_855_LABOR_MARKETS,WB_697_SOCIAL_PROTECTION_AND_LABOR,TAX_FNCACT,TAX_FNCACT_WORKERS,ECON_INFLATION,WB_1104_MACROECONOMIC_VULNERABILITY_AND_DEBT,WB_442_INFLATION,TAX_FNCACT_DIRECTOR,EPU_ECONOMY,EPU_ECONOMY_HISTORIC,AFFECT,UNEMPLOYMENT,WB_2745_JOB_QUALITY_AND_LABOR_MARKET_PERFORMANCE,WB_2670_JOBS,WB_2689_JOBS_DIAGNOSTICS,WB_2747_UNEMPLOYMENT,UNGP_JOB_OPPORTUNITIES_EMPLOYMENT,TAX_FNCACT_ECONOMISTS,WB_2748_EMPLOYMENT,TAX_FNCACT_EMPLOYEES,WB_2895_EMPLOYMENT_RATE,WB_2760_EMPLOYMENT_TOOLS_AND_METHODS,WB_1467_EDUCATION_FOR_ALL,WB_470_EDUCATION,WB_2131_EMPLOYABILITY_SKILLS_AND_JOBS,WB_1484_EDUCATION_SKILLS_DEVELOPMENT_AND_LABOR_MARKET,TAX_FNCACT_CHANCELLOR,CRISISLEX_T11_UPDATESSYMPATHY,USPEC_POLICY1,EPU_POLICY,EPU_POLICY_BUDGET,EPU_POLICY_SPENDING,ECON_TAXATION,EPU_POLICY_TAX,EPU_CATS_TAXES]",[1#United Kingdom#UK#UK#54#-4#U],"[liz mckeown,rachel reeve]",[office for national statistic]
13,https://www.krcu.org/2024-08-13/puerto-rico-braces-for-tropical-storm-ernesto,Puerto Rico braces for Tropical Storm Ernesto,"MARY LOUISE KELLY, HOST:

Just days after Tropical Storm Debby drenched the southeastern U.S., a new tropical storm - Ernesto - battered the northeast Caribbean today. It is now taking aim at Puerto Rico, where officials have closed schools, opened shelters and activated the National Guard. They are warning of heavy rain, possible flooding, mudslides, power outages. I'm joined now by NPR's Adrian Florido, who is there in Puerto Rico's capital, San Juan. Hey, Adrian.

ADRIAN FLORIDO, BYLINE: Hi, Mary Louise.

KELLY: OK. Tell us more about what officials there are bracing for and when.

FLORIDO: Well, Ernesto is expected to reach the U.S. Virgin Islands and Puerto Rico this evening, and the storm's center is set to pass just off Puerto Rico's northeastern coast. Here is Governor Pedro Pierluisi earlier today.

(SOUNDBITE OF ARCHIVED RECORDING)

PEDRO PIERLUISI: The peak of this storm, in terms of wind damage, will be at midnight this evening, but there will be a lot of rain.

FLORIDO: We're talking, Mary Louise, about sustained wind speeds upwards of 50 miles an hour and up to 6 inches of rain that could fall over the next day, with some communities on the island getting up to 10 inches possible, which is a ton of rain that is likely to cause serious flooding, and in some rural mountainous communities, mudslides. Ocean conditions, officials say, are also expected to be very dangerous.

KELLY: OK. So the peak expected around midnight tonight. What are...

FLORIDO: Yeah.

KELLY: ...People doing to prepare?

FLORIDO: Well, the governor has activated the National Guard, as you said. In communities prone to flooding, the government has opened up shelters. On the east coast, it's suspended ferry service to the smaller islands of the Puerto Rican archipelago. It also canceled the start of the school year. Today was supposed to be the first day of classes at public schools. Officials are also prepositioning emergency supplies across the island. And they say that they have, very importantly, been making sure that critical facilities like hospitals, nursing homes and water pumps are connected to backup generators in case of power outages.

KELLY: Say more about that last point about the power outages because we hear all the time about Puerto Rico's fragile power grid. Is it expected to hold up?

FLORIDO: You know, Mary Louise, two months ago, a tree branch on a single line knocked out power to 300,000 customers. So it does not take much in Puerto Rico for the power to go out. The grid is so dilapidated that power outages are common even on, you know, bright blue, cloudless days. So even though winds are not expected to be the greatest threat from Tropical Storm Ernesto, the island's power utility has said that prolonged outages are possible and even likely. The grid is not modern enough to always detect power outages either. So the electric utility is asking people to report them.

KELLY: And why, Adrian? Why is the grid there in such bad shape?

FLORIDO: Well, you know, it was neglected for decades, and it's also still so vulnerable nearly seven years after Hurricane Maria destroyed it in 2017. The government promised after that storm to strengthen the grid, but that just hasn't happened. LUMA Energy, the private utility which took over the grid a couple of years ago, has also not kept up with the overgrown vegetation that puts a lot of lines at risk. This is all stuff that people in Puerto Rico are really angry about, and increasingly so. Today I spoke with Oscar Ferre. He was waiting to catch a bus before they stopped running.

OSCAR FERRE: (Speaking Spanish).

FLORIDO: He said there's generalized frustration over the power situation among people, but when storms approach, people kind of have to resign themselves to the near certainty of an outage and cope with it however they can, whether that is with backup generators or, in his case, candles and fresh batteries in his flashlight.

KELLY: And real quick, where is the storm expected to go after Puerto Rico?

FLORIDO: It's expected to continue strengthening as it takes a turn and begins traveling north through the Atlantic. It could strengthen into a hurricane. And meteorologists are saying it's not likely to affect the mainland United States, but they're keeping an eye on the Bermuda Islands, which could be in the storm's path.

KELLY: NPR's Adrian Florido getting ready to ride out that storm there in San Juan. Thanks, Adrian.

FLORIDO: Thank you, Mary Louise. Transcript provided by NPR, Copyright NPR.","[NATURAL_DISASTER,NATURAL_DISASTER_TROPICAL_STORM,CRISISLEX_O01_WEATHER,NATURAL_DISASTER_FLOODING,CRISISLEX_C06_WATER_SANITATION,NATURAL_DISASTER_LANDSLIDES,SHORTAGE,MANMADE_DISASTER,MANMADE_DISASTER_POWER_OUTAGES,POWER_OUTAGE,CRISISLEX_T01_CAUTION_ADVICE,EDUCATION,SOC_POINTSOFINTEREST,SOC_POINTSOFINTEREST_SCHOOLS,EPU_CATS_REGULATION]",[1#Puerto Rico#RQ#RQ#18.2359#-66.4838#R],[],[]
13,https://www.youngwitness.com.au/story/8727953/back-to-the-future-dmc-delorean-returns-with-electric-power/?cs=34616,Back to the Future! DMC DeLorean returns with electric power,"A bespoke American carmaker is resurrecting the DMC DeLorean of old, only this time it'll have electric power capable of pushing it well past 88mph.

Subscribe now for unlimited access .

or signup to continue reading

All articles from our website

The digital version of Today's Paper

Breaking news alerts direct to your inbox

All articles from the other in your area

Lynx Motors, a brand dedicated to reviving and 'reimagining' classic sports cars, has announced reservations are officially open for the DeLorean DMC-EV, with deliveries set to begin next year.

The DMC-EV is based on the iconic DeLorean DMC-12 of the early 1980s, though it differs greatly beyond its exterior cosmetics with four electric motors and a large battery, along with advanced interior tech, designed largely to turn heads.

Pricing for the DMC-EV is unclear, as Lynx lists both US$249,999 (A$379,915) and US$299,500 (A$455,140) in separate articles on its website.

Back to the Future! DMC DeLorean returns with electric power

The exterior is unmistakably DeLorean, featuring many of the lines penned by the original models' designer, Giorgetto Giugiaro.

However, Lynx has modernised the front and rear which now include LED lighting with larger transparent panels and clear Lynx and DMC-EV badging.

Larger wheels have also been fitted, while the side skirts and front and rear bumpers can be blacked out, depending on the colour option selected by the owner.

Lynx says owners will be able to select personalised interiors and custom exterior colours, a significant diversion from the DMC-12's stainless steel obsession

Back to the Future! DMC DeLorean returns with electric power

The interior has received the largest update, notably showing a large touchscreen display spanning the width of the cabin. Its seats appear to be upholstered in leather, while the centre console now seems to feature a wireless phone charger and large rotary dial.

Ahead of the driver is a large sporty steering wheel, with carbon fibre accents and perforated leather completing the interior overhaul.

Lynx says the DMC-EV is ""more than a revival"", and is instead a ""complete reinvention"" designed to mimic the original DMC-12 but add the latest and greatest tech for both performance and safety.

Back to the Future! DMC DeLorean returns with electric power

Its powertrain comprises four ""high output"" in-wheel electric motors, providing all-wheel drive. Those motors are fed by a 70kWh CATL battery pack, offering a range of around 402km.

Lynx says the DMC-EV will be capable of completing the 0-60mph sprint in ""less than four seconds"", with Tesla's NACS charging port built-in to allow it to access the EV giant's US Supercharger network.

As for safety features, Lynx has added side intrusion protection and traction control. Reservations are now open with a US$2500 deposit to secure one for yourself.

The DMC-EV will join the Lynx model lineup alongside the GT1e, a electric restomod of the 2005 Ford GT with a claimed 1790kW of power.

Content originally sourced from: CarExpert.com.au

Advertisement

Ad

Get the latest Young news in your inbox

Sign up for our newsletter to stay up to date.

Email address

We care about the protection of your data. Read our Privacy Policy.

Advertisement

Ad",[],[1#United States#US#US#39.828175#-98.5795#U],[giorgetto giugiar],[]
13,https://www.ctvnews.ca/canada/final-chapter-of-freedom-convoy-organizers-trial-begins-with-closing-arguments-1.6998565,Final chapter of 'Freedom Convoy' organizers' trial begins with closing arguments,"OTTAWA -

The criminal trial for ""Freedom Convoy"" organizers Tamara Lich and Chris Barber has entered its final chapter as the Crown began final submissions today.

Lich and Barber were among several organizers who brought a huge number of demonstrators and big-rig trucks to Ottawa two years ago to protest pandemic-era public health restrictions and vaccine mandates.

Their criminal trial began in September 2023 and has been plagued with delays that have dragged the proceedings on for nearly a year.

The information you need to know, sent directly to you: Download the CTV News App

Lich arrived at the Ottawa courthouse to some fanfare from a small gathering of supporters who chanted ""Freedom!""

Both are accused of mischief, intimidation and several charges related to counselling others to break the law.

Barber also faces a charge of counselling others to disobey a court order.

As part of its closing arguments, the Crown says the two conspired in lockstep to organize an illegal protest and that evidence against one of them should apply to both.

Lich and Barber's lawyers have argued throughout the trial that organizing a protest is not an illegal activity and is protected under the Canadian Charter of Rights and Freedoms.

The court has scheduled three days to hear the final arguments in the case, as well as several extra days next week in case the arguments go long.

""We will have ample time to ensure we are completed by next week,"" Justice Heather Perkins-McVey said.

This report by The Canadian Press was first published Aug. 13, 2024.","[TAX_FNCACT,TAX_FNCACT_CRIMINAL,TRIAL,TAX_FNCACT_ORGANIZERS,TAX_WORLDLANGUAGES,TAX_WORLDLANGUAGES_TAMARA,TAX_FNCACT_BARBER,TAX_FNCACT_LAWYERS,PROTEST,TAX_FNCACT_DEMONSTRATORS,GENERAL_HEALTH,MEDICAL,WB_635_PUBLIC_HEALTH,WB_621_HEALTH_NUTRITION_AND_POPULATION,HEALTH_VACCINATION,WB_642_CHILD_HEALTH,WB_1459_IMMUNIZATIONS,WB_639_REPRODUCTIVE_MATERNAL_AND_CHILD_HEALTH,UNGP_HEALTHCARE,DELAY,USPEC_UNCERTAINTY1,LEGISLATION,EPU_POLICY,EPU_POLICY_LAW,TAX_ETHNICITY,TAX_ETHNICITY_CANADIAN]","[1#Canada#CA#CA#60#-96#CA,4#Ottawa, Ontario, Canada#CA#CA08#45.4167#-75.7#-57076]",[chris barbe],[]
13,https://www.wprl.org/npr-news/2024-08-13/weekend-matchup-harris-and-trump-campaigned-on-the-same-day-hear-the-contrast,Weekend matchup: Harris and Trump campaigned on the same day. Hear the contrast,"STEVE INSKEEP, HOST:

We compare speeches the candidates gave on the same day.

(SOUNDBITE OF ARCHIVED RECORDING)

VICE PRESIDENT KAMALA HARRIS: Hey, Nevada.

INSKEEP: On Saturday, Vice President Harris finished a tour introducing her running mate.

(SOUNDBITE OF ARCHIVED RECORDING)

HARRIS: Can we hear it for Tim Walz?

INSKEEP: And former President Trump campaigned for a Senate candidate in Montana.

(SOUNDBITE OF SONG, ""GOD BLESS THE U.S.A.""

LEE GREENWOOD: (Singing) ...USA.

DONALD TRUMP: Thank you.

INSKEEP: The appearances show a contrast in substance and style. Both began with small talk, Harris about the Olympics.

(SOUNDBITE OF ARCHIVED RECORDING)

HARRIS: Our women's national soccer team won the gold, as well.

(CHEERING)

INSKEEP: Trump about the length of his drive in from the airport.

(SOUNDBITE OF ARCHIVED RECORDING)

TRUMP: I'll tell you, I know Montana better than you know - I was all over your state today. Everything's two hours. When are we going to be there? Two hours, sir. Two hours.

INSKEEP: Soon, Trump spoke of his opponent.

(SOUNDBITE OF ARCHIVED RECORDING)

TRUMP: We're going to evict Crazy Kamala. Do you know - ever hear of Kamala? Radical left. Radical left.

INSKEEP: He repeatedly wandered off target and then returned to the vice president.

(SOUNDBITE OF ARCHIVED RECORDING)

TRUMP: Since becoming a presidential candidate, she has refused to do a single interview. You know why? 'Cause she's dumb.

INSKEEP: So said Trump in Montana, the same day that Harris spoke in Nevada.

(SOUNDBITE OF ARCHIVED RECORDING)

HARRIS: As a prosecutor, I specialized in cases of sexual abuse. Well, Donald Trump was found liable for committing sexual abuse.

(BOOING)

HARRIS: As attorney general, I held Wall Street banks accountable for fraud. Well...

(LAUGHTER)

INSKEEP: She hardly needed to finish the thought. Harris offered broad themes - democracy, freedom and a focus on the future.

(SOUNDBITE OF ARCHIVED RECORDING)

HARRIS: And it is my promise to everyone here when I am president, we will continue our fight for working families of America...

(CHEERING)

HARRIS: ...Including to raise the minimum wage...

(CHEERING)

HARRIS: ...And eliminate taxes on tips for service and hospitality workers.

INSKEEP: Harris endorsed that last idea after Trump did, although she agrees with him on little else.

(SOUNDBITE OF ARCHIVED RECORDING)

HARRIS: What kind of country do we want to live in? A country of chaos, fear and hate...

UNIDENTIFIED PEOPLE: No.

HARRIS: ...Or a country of freedom, compassion and rule of law?

(CHEERING)

INSKEEP: Trump touched on his big themes, alleging without evidence that his opponents would turn America, quote, ""communist"" and making his own promises about Social Security.

(SOUNDBITE OF ARCHIVED RECORDING)

TRUMP: And seniors, as I said, will not pay taxes on their Social Security. That's a big deal.

(CHEERING)

TRUMP: On day one, I will sign a new executive order to cut federal funding for any school pushing critical race theory, transgender insanity and other inappropriate racial, sexual or political content onto the lives of our children. We're not going to do it.

INSKEEP: And where Harris spoke about 28 minutes, Trump spoke for an hour and 40, often talking of a president who's no longer running.

(SOUNDBITE OF ARCHIVED RECORDING)

TRUMP: What do you like better, Crooked Joe...

(CHEERING)

TRUMP: ...Or Sleepy Joe?

(CHEERING)

TRUMP: OK. Crooked seems to always win. I mean, he's a crooked guy.

INSKEEP: Trump even seemed to regret the debate that knocked out Biden.

(SOUNDBITE OF ARCHIVED RECORDING)

TRUMP: Why the hell did I debate him?

INSKEEP: And he indulged in a fantasy about the return of the opponent Trump used to be leading in the polls.

(SOUNDBITE OF ARCHIVED RECORDING)

TRUMP: I hear he's going to make a comeback at the Democrat convention. He's going to walk into the room, and he's going to say, I want my presidency back.

INSKEEP: The former president has repeated that one on social media.

NPR's Mara Liasson has been listening along with us to these elements from the speeches on Saturday. She's also following the campaign's other messages. Mara, good morning.

MARA LIASSON, BYLINE: Good morning.

INSKEEP: What themes do you hear?

LIASSON: Well, Harris seems to have figured out her own way of talking about Trump being a threat to democracy. That's kind of an abstract concept to most voters, so she has chosen freedom as her mantra. Freedom from having the government come between you and your doctor, freedom from your kids - for your kids to read the books you want them to, freedom from gun violence. Most elections are referendums on the incumbent president, and what she's trying to do is make this race a referendum on Trump, not on the Biden-Harris administration. And she's doing that by saying that she is the candidate of the future, not the past. Trump is the past. And that's what Harris' supporters mean when they're chanting, we're not going back.

INSKEEP: Well, how is Trump managing that?

LIASSON: Trump is a big contrast to Harris. Instead of the laughing, smiling Harris-Walz ticket always talking about how they're bringing the joy, at Trump rallies, you see his scowling mugshot on all that campaign merch. He has a very downbeat message. He tells his crowds that America is in decline; crime is rampant; immigration is out of control; prices are too high. And then there are all those personal insults you heard that Trump delivers to Harris. She's low IQ. She's incompetent. She's not really Black.

And, you know, since Trump got a new opponent, he has really struggled to settle on a consistent, coherent message against Harris. And a lot of Republicans are saying that in this, his third campaign for president, he is much less disciplined than they expected. Some Republican outlets are openly voicing their concerns. The Wall Street Journal editorial page had a headline, ""Will Trump Blow Another Election?"" And it's almost a role reversal. Not long ago, it was Democrats wringing their hands, criticizing Biden's performance. Now Republicans are suffering from whiplash. Remember, at that Milwaukee convention, they weren't just confident. They were talking about a landslide.

INSKEEP: Yeah.

LIASSON: Now the race is neck and neck. But the Trump campaign insists that Harris' honeymoon is going to end. Her new numbers will drop. And this reminds me of the Biden campaign, who, for a very long time, kept on predicting that Trump's numbers would drop once voters realized that he was actually the nominee. So when a campaign starts predicting that their opponent's poll numbers are going to drop sometime in the near future, you know that that's a lot of wishful thinking.

INSKEEP: OK. Although there are some advantages, I would think, that the former president still has. What are they?

LIASSON: Absolutely. He has a lot of advantages. He has the Electoral College map, which helps Republicans. He has the edge on many issues. Polls show that voters see him as the stronger leader. They see him as better on the economy, on crime, on the border. And those internal poll numbers might change, but so far, he's maintaining them. He also has a flood of negative ads aimed at Harris ready to go. And one Trump-supporting super PAC is about to air $100 million of ads in battleground states between now and Labor Day. And that's a lot of ads.

INSKEEP: A hundred million dollars. I think we can both recall when presidential campaigns - like, the whole campaign might not be $100 million. And this is...

LIASSON: That's right.

INSKEEP: ...One wave of ads. Amazing. Mara, thanks so much. Always appreciate your insights.

LIASSON: You're welcome.

INSKEEP: That's NPR's Mara Liasson. Transcript provided by NPR, Copyright NPR.","[TAX_FNCACT,TAX_FNCACT_RUNNING_MATE,TAX_FNCACT_EXPRESIDENT,TAX_FNCACT_CANDIDATE,EPU_CATS_REGULATION]","[2#Nevada, United States#US#USNV#38.4199#-117.122#NV,2#Montana, United States#US#USMT#46.9048#-110.326#M]",[],[]
13,https://lacrossetribune.com/life-entertainment/nation-world/movies-tv/grant-ellis-jenn-tran-bachelor/article_a37bef5b-a109-57a3-9268-5efa71d84b0f.html,Grant Ellis announced as next season's 'Bachelor',"Grant Ellis didn’t win Jenn Tran’s heart on “The Bachelorette,” but he is still in the love game.

Following his emotional exit from Monday’s episode of “The Bachelorette,” it was announced that the “self-proclaimed mama’s boy” will be looking for his match as the lead on the 29th season of “The Bachelor.”

“The former pro basketball player is passionate about his career as a day trader, but when he’s not immersed in the fast-paced world of finance, you can find him cheering on the Lakers, hitting strikes at the bowling alley, or belting out tunes at karaoke nights,” according to a press release from ABC, which airs both shows. “As the Bachelor, Ellis is eager to embark on a journey filled with romance, adventure, and genuine connections. He hopes to find a partner who shares his values of loyalty, humor and a deep appreciation for life’s simple pleasures.”

In a video shared on “Good Morning America” Tuesday, Ellis further shared what he’s looking for in a mate.

Listen now and subscribe: Apple Podcasts | Google Podcasts | Spotify | RSS Feed | SoundStack

“I’m looking for a love that’s kind and understanding. Some qualities I’m looking for in a potential partner is somebody who’s adventurous, somebody who’s affectionate and somebody who’s loving,” he said. “I can’t wait for this incredible journey to get kicked off; it’s going to be so fun and I hope you guys tune in. Peace!”

“The Bachelor” is produced by Warner Bros. Unscripted Television in association with Warner Horizon, which share a parent company with CNN.

The new season of “The Bachelor” will air next year on as yet unannounced date.

___",[],[1#United States#US#US#39.828175#-98.5795#U],[],"[warner bros,cn]"
13,https://www.2gb.com/podcast/tuesday-show-13th-august/,13th August 📻,"You appear to be outside of Australia. Due to our coverage of the Olympics and Paralympics, live streaming is not currently available to overseas listeners. Need help? Contact Customer Support here.",[],[1#Australia#AS#AS#-25#135#A],[],[olympic]
13,https://www.grandforksgazette.ca/national-news/canadas-foreign-worker-program-called-a-breeding-ground-for-modern-slavery-7483991,Canada’s foreign worker program called a ‘breeding ground’ for modern slavery,"A recently released international report says Canada’s temporary foreign worker program is a “breeding ground” for contemporary slavery.

The final report by a United Nations special rapporteur who visited Canada last year says a power imbalance prevents workers from exercising their rights.

A worker’s status is dependent on a closed work permit that is specific to their employer. If an individual is fired, they may be deported from Canada.

Workers are subject to a wide range of abuses and aren’t always aware of their rights, the report says.

It notes the government puts much of the responsibility for informing workers about their rights on the employer, “despite the obvious conflict of interest.”

Special rapporteur Tomoya Obokata cites reports of issues including wage theft, long working hours with limited breaks and insufficient personal protective equipment.

The report also notes allegations of sexual harassment and exploitation, along with physical, emotional and verbal abuse.

Obokata also found that workers have difficulty accessing health care.

In some cases, employers prevented people from seeking treatment, the report says, with some workers denied the necessary time off, encouraged to “take painkillers or home remedies instead” or even fired.

The report notes that rules implemented in 2022 require employers to make a reasonable effort to provide workers with access to health care if they are ill or injured.

It also points out that many employers end up providing housing for their workers. That can result in overcrowding, such as 20 to 30 people sharing a single washroom, it says.

The report calls for Canada to “end labour migration arrangements that foster exploitation by creating dependency situations that tie workers to their employers” and in which employers control the worker’s housing, health care and status.

The number of permits under the program increased 88 per cent from 2019 to 2023, though Ottawa recently indicated it plans to reduce the number of such workers in Canada.

Mathis Denis, a spokesperson for Employment Minister Randy Boissonnault, said the government has increased fines for employer non-compliance under the program. He said the government levied $2.1 million in fines for violating program rules last fiscal year, up from $1.54 million issued the previous year.

He said the minister is considering increasing fees to pay for “additional integrity and processing activities,” and is looking to put in place new regulations covering employer eligibility.","[TAX_FNCACT,TAX_FNCACT_WORKER,SOC_SLAVERY,WB_2507_HUMAN_RIGHTS_ABUSES_AND_VIOLATIONS,WB_2203_HUMAN_RIGHTS,WB_2432_FRAGILITY_CONFLICT_AND_VIOLENCE,WB_2511_SLAVERY,TAX_FNCACT_WORKERS,WB_1921_PRIVATE_SECTOR_DEVELOPMENT,WB_405_BUSINESS_CLIMATE,WB_2531_INSPECTIONS_LICENSING_AND_PERMITS,WB_2530_BUSINESS_ENVIRONMENT,TAX_FNCACT_EMPLOYER,WB_2690_CATEGORIES_OF_EMPLOYMENT,WB_2670_JOBS,WB_2689_JOBS_DIAGNOSTICS,WB_2704_EMPLOYER,GENERAL_HEALTH,MEDICAL,EPU_CATS_HEALTHCARE]","[1#Canada#CA#CA#60#-96#CA,4#Ottawa, Ontario, Canada#CA#CA08#45.4167#-75.7#-57076]",[],[united nation]
13,http://www.romaniapress.com/news=165228,Romania: Net wages in Romania gain momentum to real 7.5% y,"HELL Energy Posts Higher Revenue, Lower Profit In 2023 HELL Energy, one of the biggest players in the energy drinks market, posted RON358.3 million (EUR72.4 million) revenue in 2023, up 12.4% from the RON318.7 million (EUR64.6 million) of 2022, according to ZF calculations based on data from the Finance Ministry website.

Banca Transilvania Sees 42% Rise In Net Profit To RON1.8B In H1 2024 Banca Transilvania (TLV.RO), the largest lender in Romania, ended the first half of 2024 with a consolidated net profit of RON2.1 billion, up from the RON1.59 billion in the first half of 2023, while operating income increased to RON4.6 billion from RON3.7 billion.

WebPros Group By Socialbee, Developer Of An AI Platform For Social Media Cluj-Napoca-based start-up SocialBee, which developed an AI platform for managing social media accounts, has been acquired by Luxembourg’s WebPros Group, a player specialized in providing web hosting, billing and automation solutions.

TAROM Explains Why The Sale Of Its Heathrow Slots TAROM continues implementation of its restructuring plan and one of the goals is the sale of the take-off and landing slots on the Heathrow Airport in London to Qatar Airways, a step necessary to ensure economic sustainability of the company.

Eurostat: Romania Posts Highest Annual Inflation Rate In The EU In July 2024 The European Union member countries with the highest inflation rates in July 2024 were Romania (5.8%), Belgium (5.4%) and Hungary (4.1%), according to data provided by Eurostat, the statistical office of the European Union.

Romania's Central Bank Expects Inflation To Drop To 4% In December 2024 And 3.4% At End Of 2025 Romania’s central bank expects the inflation to go down to 4% in December 2024 and 3.4% in the last month of 2025, a better outlook than in the previous forecast, particularly for the end of 2024, the institution says in the minute of the monetary policy meeting of August 7.

Life in Codes Opens Offices In London And Dubai Life in Codes, Atlassian solution partner and reseller in Romania, ended 2023 with sales of products and services of EUR6.5 million.","[TAX_ETHNICITY,TAX_ETHNICITY_ROMANIAN,TAX_WORLDLANGUAGES,TAX_WORLDLANGUAGES_ROMANIAN,MEDIA_MSM,ECON_CURRENCY_EXCHANGE_RATE,SOC_INNOVATION,ECON_ENTREPRENEURSHIP,ECON_TAXATION,USPEC_POLICY1,EPU_POLICY,EPU_POLICY_TAX,EPU_CATS_TAXES,WB_1921_PRIVATE_SECTOR_DEVELOPMENT,WB_346_COMPETITIVE_INDUSTRIES,WB_818_INDUSTRY_POLICY_AND_REAL_SECTORS,WB_1281_MANUFACTURING,WB_2670_JOBS,WB_1467_EDUCATION_FOR_ALL,WB_470_EDUCATION,WB_2131_EMPLOYABILITY_SKILLS_AND_JOBS,WB_1484_EDUCATION_SKILLS_DEVELOPMENT_AND_LABOR_MARKET]",[1#Romania#RO#RO#46#25#R],[tehno worl],[]
13,https://www.newsradio1029.com/news/san-francisco-hotels-collapsing-record-vacancy/,"San Francisco Hotels Collapsing, Record Vacancy","Hotels in San Francisco are experiencing massive financial losses as tourism to the city has continued to drop in the years after the pandemic and as quality of life issues including homelessness and crime continue to grow in the Golden Gate City.

In June, weekend hotel occupancy rates in the San Francisco-San Mateo were shown as being down by 22% since the same period in 2019, compared to just 4% nationally, data firm CoStar Group shows, reports The Daily Mail.

Many tourists are staying away because of several factors, including the expensive prices in San Francisco.","[TOURISM,WB_825_TOURISM,WB_1921_PRIVATE_SECTOR_DEVELOPMENT,WB_346_COMPETITIVE_INDUSTRIES,WB_818_INDUSTRY_POLICY_AND_REAL_SECTORS,GENERAL_HEALTH,HEALTH_PANDEMIC,WB_635_PUBLIC_HEALTH,WB_2165_HEALTH_EMERGENCIES,WB_2166_HEALTH_EMERGENCY_PREPAREDNESS_AND_DISASTER_RESPONSE,WB_621_HEALTH_NUTRITION_AND_POPULATION,WB_2167_PANDEMICS,UNGP_HEALTHCARE,POVERTY,SOC_GENERALCRIME,EPU_CATS_MIGRATION_FEAR_FEAR,TAX_FNCACT,TAX_FNCACT_TOURISTS,TAX_ECON_PRICE]","[3#San Francisco, California, United States#US#USCA#37.7749#-122.419#27759]",[francisco-san mate],[costar grou]
13,https://www.kkgb.com/news/nipsey-hussles-brother-reveals-details-about-the-rappers-final-moments/,Nipsey Hussle’s Brother Reveals Details About The Rapper’s Final Moments,"During a recent discussion with radio personality Big Boy on his Off Air interview series, Nipsey Hussle‘s older brother, Blacc Sam, opened up about the last moments of the rap star’s life. Nipsey was shot and killed in South Central Los Angeles on March 31, 2019. Sam was optimistic that Nipsey would survive the shooting, but revealed that his world was turned upside down when his brother died. “Just couldn’t understand it. It was like the Twilight Zone after that,” he recalled. “Everything I believed in — my faith was shattered.”

Sam went on to disclose the events that led up to his brother getting shot. “They say he came back with a red shirt on. Tip-toed through the alley, went right and started shooting,” Sam said of the killer. “So, to me that’s premeditated. Number one, there’s no red shirts in the hood. Can’t buy no red shirt, no liquor store sell no red shirt. Number two, when a n—a come through the alley with the red shirt, that’s the throw-off.” (Billboard)","[MEDIA_MSM,MANMADE_DISASTER_IMPLIED,KILL,CRISISLEX_T03_DEAD,TAX_FNCACT,TAX_FNCACT_KILLER,CRISISLEX_C07_SAFETY]","[3#Los Angeles, California, United States#US#USCA#34.0522#-118.244#166232]","[nipsey hussle,blacc sam,big bo]",[]
13,https://www.k101fm.net/syndicated-article/?id=1578965,Convicted murderer escapes North Carolina hospital while receiving medical care: Police,"(HILLSBOROUGH, N.C.) — A convicted murderer is on the loose after escaping from a North Carolina hospital Tuesday morning, officials said.

Ramone Alston, 30, escaped from North Carolina Department of Corrections custody while receiving medical care at UNC Hospital in Hillsborough, according to the Orange County Sheriff’s Office.

Alston was convicted of shooting and killing a 1-year-old girl in 2015.

He was last seen wearing a gray T-shirt, brown pants and white New Balance sneakers, as well as handcuffs connected to a belly chain, officials said.

Officials are asking the public to immediately call 911 if they see Alston and warning them not to approach him.

Copyright © 2024, ABC Audio. All rights reserved.","[GENERAL_HEALTH,MEDICAL,SOC_POINTSOFINTEREST,SOC_POINTSOFINTEREST_HOSPITAL,CRISISLEX_C03_WELLBEING_HEALTH,TAX_FNCACT,TAX_FNCACT_OFFICIALS,WB_696_PUBLIC_SECTOR_MANAGEMENT,WB_840_JUSTICE,WB_1014_CRIMINAL_JUSTICE,ARREST,TAX_FNCACT_SHERIFF,CRISISLEX_C07_SAFETY,TRIAL,KILL,EPU_CATS_REGULATION]","[3#Hillsborough, North Carolina, United States#US#USNC#36.0754#-79.0997#986830,2#North Carolina, United States#US#USNC#35.6411#-79.8431#N]",[ramone alsto],"[carolina department of corrections,orange county sheriff offic]"
13,https://www.wgowam.com/news/classical-music-is-medicine-for-depression/,Classical Music Is Medicine for Depression,"A new study found that personalized music therapy can help patients with treatment-resistant depression.

Researchers at Shanghai Jiao Tong University School of Medicine discovered that classical music elicited significant improvements in patients who did not respond to multiple standard treatments for their depression.

The results, published in Cell Reports, demonstrated how music, in this case Tchaikovsky’s Symphony No. 6 and Beethoven’s Symphony No. 7, activates a complex network in the brain that helps regulate mood.","[CRISISLEX_C03_WELLBEING_HEALTH,TAX_DISEASE,TAX_DISEASE_DEPRESSION,SCIENCE,EDUCATION,SOC_POINTSOFINTEREST,SOC_POINTSOFINTEREST_UNIVERSITY,SOC_POINTSOFINTEREST_SCHOOL,GENERAL_HEALTH,MEDICAL,WB_1331_HEALTH_TECHNOLOGIES,WB_1350_PHARMACEUTICALS,WB_621_HEALTH_NUTRITION_AND_POPULATION]","[4#Shanghai, Shanghai, China#CH#CH23#31.2222#121.458#-192446]",[],[]
13,https://www.ominecaexpress.com/news/premier-eby-defends-government-subsidy-of-vancouver-condo-building-7483395,Premier Eby defends government subsidy of Vancouver condo building,"Premier David Eby is defending a B.C. housing development under scrutiny for charging rents considered unaffordable.

Reporting from The Globe and Mail has revealed that a subsidized rental building in Vancouver's Kitsilano neighbourhood is charging rents of $2,600 per month for a studio and $4,200 per month for a two-bedroom unit. These figures are above the average rent rates for the area, according to Canadian Mortgage Housing Corporation. It pegs the average rent for a bachelor unit at $1,441 and a two-bed room unit at $2,606 as of October 2023.

The 68-unit rental building was announced in 2021 as a partnership between a private development company, the City of Vancouver and the province through BC Builds and its Housing Hub division designed to create ""new rental housing for middle-income people in BC.""

Under the terms of the agreement, the provincial government supported the private development company through a $31.8-million loan guarantee subject to interest payments.

Speaking at an unrelated event in Nelson on Monday, Eby said the subsidy cost taxpayers nothing and the developer was able to turn the guarantee into affordable housing units. Under the terms of the agreement, 20 per cent of the units (14) will go toward households earning less than $80,000 per year. The other 54 units would be targeted at-or-below-market level rents restricted to middle-income households within the provincial middle-income limits.

""We have to do this kind of creative stuff,"" Eby said. ""We can't pay for all the housing we need right (now) across the province. We actually need to leverage the private sector as well.""

Eby said he will be ""thrilled"" when those 14 families move into the units, and said 77,000 individuals with families have moved into housing his government has helped to build across B.C.

He also pushed back against the larger narrative that this project is evidence of his government's failing housing policy. He says coverage of the story is conflating provincial social housing policy with the Housing Hub division that exists to facilitate construction of rental housing.

Critics have seized on these figures as evidence of government's failure to deliver on its promise to deliver affordable housing as the initial release announcing the project touted in as ""(another) affordable rental housing building"" when Eby was still the housing minister.

B.C. Greens Leader Sonia Furstenau is among those critics.

“The BC Greens aren’t surprised that the BC NDP’s housing bills (passed in 2023 and 2024) have failed to produce affordable housing — it’s exactly what we argued for dozens of hours in the legislature last fall,"" she said. ""To actually deliver affordable housing, we need a government that will invest in non-market solutions, including co-op and non-profit housing. Anything else is just more of the same.”

The project has also received criticism from B.C. United Leader Kevin Falcon, who has linked it to Eby's previous role as minister responsible for housing.

Pointing to various controversies at B.C. Housing, Falcon said government officials, ""none of whom have any private sector background in the housing industry,"" have mismanaged public funds without public accountability while failing to encourage the development of new rental in the marketplace.

""(Today), we see the results. We have got the most unaffordable rents in the entire country.""","[ECON_SUBSIDIES,MANMADE_DISASTER_IMPLIED,TAX_ETHNICITY,TAX_ETHNICITY_CANADIAN,WB_336_NON_BANK_FINANCIAL_INSTITUTIONS,WB_1920_FINANCIAL_SECTOR_DEVELOPMENT,WB_612_HOUSING_FINANCE,WB_332_CAPITAL_MARKETS,TAX_FNCACT,TAX_FNCACT_BACHELOR,WB_2187_RENTAL_HOUSING,GENERAL_GOVERNMENT,EPU_POLICY,EPU_POLICY_GOVERNMENT,WB_1948_SUBSIDIES,WB_695_POVERTY,WB_706_EVIDENCE_BASED_POLICY,TAX_ECON_PRICE,TAX_FNCACT_DEVELOPER,USPEC_POLICY1,EPU_POLICY_POLICY,WB_817_LAND_AND_HOUSING,WB_813_URBAN_GOVERNANCE_AND_CITY_SYSTEMS,WB_699_URBAN_DEVELOPMENT,WB_1722_HOUSING_POLICY_AND_INSTITUTIONS,WB_2186_SOCIAL_HOUSING,SEIZE,WB_1068_MARKET_FAILURES_VERSUS_GOVERNMENT_FAILURES,WB_440_MACROECONOMIC_MONITORING,WB_439_MACROECONOMIC_AND_STRUCTURAL_POLICIES,WB_473_GROWTH_DIAGNOSTICS,TAX_FNCACT_MINISTER,TAX_FNCACT_LEADER,TAX_FNCACT_OFFICIALS,EPU_ECONOMY_HISTORIC,TRANSPARENCY]","[1#Canada#CA#CA#60#-96#CA,4#Vancouver, British Columbia, Canada#CA#CA02#49.25#-123.133#-57526]","[kevin falcon,sonia furstena]",[canadian mortgage housing corporatio]
13,https://wcfcourier.com/life-entertainment/nation-world/movies-tv/grant-ellis-jenn-tran-bachelor/article_9b4e71c2-dab8-5a6c-a99e-a8f2a882442d.html,Grant Ellis announced as next season's 'Bachelor',"Grant Ellis didn’t win Jenn Tran’s heart on “The Bachelorette,” but he is still in the love game.

Following his emotional exit from Monday’s episode of “The Bachelorette,” it was announced that the “self-proclaimed mama’s boy” will be looking for his match as the lead on the 29th season of “The Bachelor.”

“The former pro basketball player is passionate about his career as a day trader, but when he’s not immersed in the fast-paced world of finance, you can find him cheering on the Lakers, hitting strikes at the bowling alley, or belting out tunes at karaoke nights,” according to a press release from ABC, which airs both shows. “As the Bachelor, Ellis is eager to embark on a journey filled with romance, adventure, and genuine connections. He hopes to find a partner who shares his values of loyalty, humor and a deep appreciation for life’s simple pleasures.”

In a video shared on “Good Morning America” Tuesday, Ellis further shared what he’s looking for in a mate.

Listen now and subscribe: Apple Podcasts | Google Podcasts | Spotify | RSS Feed | SoundStack

“I’m looking for a love that’s kind and understanding. Some qualities I’m looking for in a potential partner is somebody who’s adventurous, somebody who’s affectionate and somebody who’s loving,” he said. “I can’t wait for this incredible journey to get kicked off; it’s going to be so fun and I hope you guys tune in. Peace!”

“The Bachelor” is produced by Warner Bros. Unscripted Television in association with Warner Horizon, which share a parent company with CNN.

The new season of “The Bachelor” will air next year on as yet unannounced date.

___

This is every 'Sexiest Man Alive' winner since 1985

1985: Mel Gibson

1986: Mark Harmon

1987: Harry Hamlin

1988: John F. Kennedy, Jr.

1989: Sean Connery

1990: Tom Cruise

1991: Patrick Swayze

1992: Nick Nolte

1993: Richard Gere and Cindy Crawford

1994: Keanu Reeves

1995: Brad Pitt

1996: Denzel Washington

1997: George Clooney

1998: Harrison Ford

1999: Richard Gere

2000: Brad Pitt

2001: Pierce Brosnan

2002: Ben Affleck

2003: Johnny Depp

2004: Jude Law

2005: Matthew McConaughey

2006: George Clooney

2007: Matt Damon

2008: Hugh Jackman

2009: Johnny Depp

2010: Ryan Reynolds

2011: Bradley Cooper

2012: Channing Tatum

2013: Adam Levine

2014: Chris Hemsworth

2015: David Beckham

2016: Dwayne Johnson

2017: Blake Shelton

2018: Idris Elba

2019: John Legend

2020: Michael B. Jordan

2021: Paul Rudd

2022: Chris Evans

2023: Patrick Dempsey",[],[1#United States#US#US#39.828175#-98.5795#U],[],"[cnn,warner bro]"
13,https://www.begadistrictnews.com.au/story/8727746/bmw-x3-recalled/?cs=34616,BMW X3 recalled,"BMW is recalling over 26,000 X3 SUVs due to a defective cargo rail.

Subscribe now for unlimited access .

or signup to continue reading

All articles from our website

The digital version of Today's Paper

Breaking news alerts direct to your inbox

All articles from the other in your area

""The attachment for the interior cargo rail may become damaged in the event of an extreme rear impact,"" the company says in its recall notice.

""This could result in the interior cargo rail detaching from the vehicle.

""If the interior cargo rail detaches from the vehicle, it can increase the risk of serious injury to vehicle passengers.""

BMW X3 recalled

A total of 26,212 vehicles are affected, including the X3 M and Alpina XD3, from 2017 to 2024

The Vehicle Identification Number (VIN) list is attached here

The original recall notice is attached here

If you own an affected vehicle, you'll need to make an appointment with a BMW dealership to have the recall completed.

BMW will replace the rear cargo rail attachment bolts, free of charge.

If you have any further questions, you can contact BMW Australia's recall hotline on 1800 243 675.

MORE: Everything BMW X3MORE: Everything Alpina XD3

Content originally sourced from: CarExpert.com.au

Advertisement

Ad

Get the latest Bega news in your inbox

Sign up for our newsletter to stay up to date.

Email address

We care about the protection of your data. Read our Privacy Policy.

Advertisement

Ad","[CRISISLEX_CRISISLEXREC,CRISISLEX_C04_LOGISTICS_TRANSPORT,WB_1428_INJURY,WB_1406_DISEASES,WB_621_HEALTH_NUTRITION_AND_POPULATION,WB_1427_NON_COMMUNICABLE_DISEASE_AND_INJURY,AFFECT,APPOINTMENT,CRISISLEX_C08_TELECOM]",[1#Australia#AS#AS#-25#135#A],[],[bm]
13,https://toronto.citynews.ca/2024/08/12/banff-residents-vote-against-downtown-pedestrian-zone-in-plebiscite/,Banff residents vote against downtown pedestrian zone in plebiscite,"BANFF, Alta. — Banff residents have given a thumbs down to a pedestrian zone in the community’s downtown, rejecting the idea in a plebiscite Monday.

The Town of Banff posted unofficial results of the vote on its website, saying 1,328 votes were cast against the town council’s decision to have a pedestrian zone on Banff Avenue every summer, from the May long weekend to Thanksgiving long weekend.

It says 1,194 voted in favour of the pedestrian zone.

Begun as a pandemic response in the summer of 2020, the mountain town has closed a section of the avenue to vehicles so people could safely enjoy the street full of shops and restaurants.

It’s been popular with visitors but some residents expressed concern about cars and trucks clogging up side streets.

The municipality says according to provincial law, council must pass a bylaw to rescind their original decision to have an annual summer pedestrian zone, and the next meeting where they can do that is Aug. 26.

It says on its website that pedestrian zone public amenities will be dismantled starting in the days immediately after the bylaw is passed, including removal of extra public seating, bicycle parking and flower planters.

Large planter barricades at each end of the pedestrian zone will also be removed once the bylaw passes, the website says, and the road will be reopened to all vehicles.

The decision to hold a vote was triggered by a petition.

The town says official results will be confirmed on Tuesday.

This report by The Canadian Press was first published August 12, 2024.

The Canadian Press","[URBAN,GENERAL_HEALTH,HEALTH_PANDEMIC,WB_635_PUBLIC_HEALTH,WB_2165_HEALTH_EMERGENCIES,WB_2166_HEALTH_EMERGENCY_PREPAREDNESS_AND_DISASTER_RESPONSE,WB_621_HEALTH_NUTRITION_AND_POPULATION,WB_2167_PANDEMICS,UNGP_HEALTHCARE,WB_1979_NATURAL_RESOURCE_MANAGEMENT,WB_435_AGRICULTURE_AND_FOOD_SECURITY,WB_1986_MOUNTAINS,EPU_CATS_MIGRATION_FEAR_FEAR,LEGISLATION,EPU_POLICY,EPU_POLICY_LAW,TAX_FNCACT,TAX_FNCACT_OFFICIAL,TAX_ETHNICITY,TAX_ETHNICITY_CANADIAN]",[1#Canada#CA#CA#60#-96#C],[],[]
13,https://www.kix953.com/syndicated-article/?id=1578977,Vince Vaughn makes rare appearance with wife and his 2 kids on Hollywood Walk of Fame,"Vince Vaughn received love and support from his family on Monday while receiving a star on the Hollywood Walk of Fame.

The Wedding Crashers actor made a rare appearance at the ceremony with his wife Kyla Weber and their two kids, daughter Locklyn, 13, and son Vernon, 11.

In a photo from the event, Vaughn and Weber can be seen posing with their kids, as Vernon proudly shows off his dad’s plaque, which features a miniature version of the actor’s Walk of Fame star.

Speaking to EXTRA TV at the ceremony, Vaughn opened up about fatherhood and how it has affected his life.

“I think you get more patience, and you feel a kind of love that you just can’t describe,” he explained. “And we laugh a lot, we have a lot of fun, so I enjoy my days quite a bit with both of them.”

Vaughn also gushed over his family and expressed gratitude for them during his speech accepting the honor, according to People.

“My beautiful wife Kyla, I’m so glad that you’re with me on this now. I’m so grateful for you and these beautiful kids and for all the laughter that we share together,” he said. “As much as all this means, Vernon and Locklyn, you guys really do need to know that you guys are the most important thing in the world to me.”

“You’re not as lucrative, and you don’t give me access to the kind of stuff that this kind of thing does,” he joked. “But with that all being said, you guys are the most important, and I love you very much. It’s great to have you guys with me.”

Copyright © 2024, ABC Audio. All rights reserved.","[TAX_FNCACT,TAX_FNCACT_ACTOR,TAX_DISEASE,TAX_DISEASE_PLAQUE,MEDIA_MSM,AFFECT,CRISISLEX_T11_UPDATESSYMPATHY,UNGP_FORESTS_RIVERS_OCEANS,EPU_CATS_REGULATION]","[3#Hollywood, California, United States#US#USCA#34.0983#-118.327#166075]","[kyla weber,vince vaugh]",[]
12,https://www.macleayargus.com.au/story/8728382/nsw-mans-rap-parody-wins-three-years-worth-of-aldi-groceries/?cs=9676,"'Came in for some milk, left with a chainsaw': Rap wins groceries for years","A lucky man's 'I love ALDI' rap music video has won him three years' worth of free ALDI groceries valued at $46,800.

""I'm in shock - it's life-changing, it's unbelievable. I never thought they'd pick my video,"" winner Ben said.

""I am so grateful and honoured, and I want to say a massive thank you to ALDI, probably three years' worth of thankyous,"" he said.

Ben's song, set to Iggy Azalea and Charli xcx's hit song Fancy, follows him as he lists the things he loves about the store.

""First thing's first love the prices / Shots fired to the cost of living crisis,"" the opening lyrics read.

""Came in for some milk / Left with a chainsaw,"" the chorus said.

""Being ALDIcore can mean you come in for milk and leave with a chainsaw, and we can agree that Ben, and other shoppers like him, are indeed a Good Different breed,"" Mr Padovani-Ginies said.

The five other runners-up have each received a year's worth of free groceries in the form of ALDI Gift Cards.

The international supermarket chain invited people to enter their competition by creating a piece of content expressing their ALDI obsession, via #ALDIcore.

The 6,036 entries were individually judged on their ""originality and creative merit ... and which entry best showcases how 'ALDIcore' the entrant is"".

ALDI fanatics demonstrated their enthusiasm by submitting poems, songs, dances, PowerPoint presentations and DIY couture and runway shows, but the winning entry was Ben's rap song.

In second place was Emily from Victoria, who gave her convertible car an ALDI-inspired paint job.

Mr Padovani-Ginies said he was ""thrilled"" to announce the six winners with free groceries in ALDI's biggest competition to date.","[TAX_FNCACT,TAX_FNCACT_MAN,CRISISLEX_CRISISLEXREC,WB_1160_SHOCKS_AND_VULNERABILITY,WB_695_POVERTY,CRISISLEX_T11_UPDATESSYMPATHY,TAX_ECON_PRICE,ECON_COST_OF_LIVING,TAX_FOODSTAPLES,TAX_FOODSTAPLES_MILK,TAX_FNCACT_DIRECTOR,PROTEST,TAX_FNCACT_WOMAN,MEDIA_SOCIAL,MEDIA_MSM,TAX_FNCACT_JOURNALIST,TAX_FNCACT_EXAMINER,UNGP_FORESTS_RIVERS_OCEANS]","[4#Launceston, Tasmania, Australia#AS#AS06#-41.4388#147.135#-1583138,1#Australia#AS#AS#-25#135#A]","[annika rhoades,iggy azalea,simon padovani-ginie]",[]
12,https://bakersfieldnow.com/news/nation-world/new-biden-administration-rule-would-make-canceling-subscriptions-easier-sign-up-gym-streaming-insurance-phone-internet-payment-customers-court-challenges,New Biden Administration rule would make canceling subscriptions easier,"The Biden administration just announced a handful of policies to make canceling subscriptions and memberships as easy as it is to sign up.

""It's pretty easy to sign up. You can go to a website for example and sign up but then if you want to cancel, you can't use the website,"" said Daniel McCarthy, a marketing professor at Emory University.

Through the and , the rule would require companies to make signing up and canceling the same. Which for some companies, isn't the case right now.

They make it a lot more difficult to leave than to start,"" McCarthy said.

McCarthy said whether it's a gym membership or a streaming service, the reason some companies make canceling more difficult is to generate added revenue.

""Someone doesn't want the service anymore but because of all the loops they have to go through to cancel, the company ends up getting an extra subscription payment or two or six,"" said McCarthy.

According to , 99% of U.S. households pay for at least one streaming service. But Chad Ruback, an appellate attorney in Dallas, Texas said those customers shouldn't expect these rules to be rolled out anytime soon.

A company that sells you this streaming service, that sells your gym subscription, is likely going to challenge this in a court,"" said Ruback.

Ruback said there's a chance the rules don't take effect at all.

""Just because a rule has been promulgated by a federal agency doesn't mean that rule is going to stick,"" said Ruback.

Along with streaming services and gym memberships, the rules would also apply to phone and internet companies and health insurance companies, allowing claims to be submitted online rather than only by mail.","[USPEC_POLICY1,DELAY,EDUCATION,TAX_FNCACT,TAX_FNCACT_PROFESSOR,SOC_POINTSOFINTEREST,SOC_POINTSOFINTEREST_UNIVERSITY,TRIAL,TAX_FNCACT_ATTORNEY,GENERAL_HEALTH,MEDICAL,WB_1973_FINANCIAL_RISK_REDUCTION,WB_435_AGRICULTURE_AND_FOOD_SECURITY,WB_337_INSURANCE,WB_1967_AGRICULTURAL_RISK_AND_SECURITY,WB_625_HEALTH_ECONOMICS_AND_FINANCE,WB_621_HEALTH_NUTRITION_AND_POPULATION,WB_1287_HEALTH_INSURANCE,EPU_CATS_HEALTHCARE]","[3#Dallas, Texas, United States#US#USTX#32.7831#-96.8067#1380944,2#Texas, United States#US#USTX#31.106#-97.6475#TX,3#Washington, Washington, United States#US#USDC#38.8951#-77.0364#53187]",[daniel mccarth],[emory universit]
12,https://www.walesonline.co.uk/news/uk-news/british-business-owners-embracing-green-29729278,British business owners embracing green initiatives to boost profit,"Researchers polled 500 small businesses and discovered that nearly two thirds (64 percent) British business owners, and senior business decision makers, think it’s important to embrace environmental issues, with many also seeing financial benefits as a result.

From those polled, 45 percent say that the changes have saved them money, while a third (32 percent) have seen a direct profit increase. 40 percent believe that becoming more sustainable has attracted more customers and enhanced their reputation within the local community (44 percent). Nearly half (46 percent) believe that being environmentally conscious has helped future proof their business, making it more profitable in the long run.

According to new research by Smart Energy GB, when it comes to being more eco-friendly, 40 percent now turn off devices and machinery when they’re not in use, 36 percent always recycle old IT equipment and 36 percent have even introduced a recycling policy. One in three (35 percent) admit they are keeping a closer eye on their energy bills, with 76 percent of those polled saying they have had a smart meter installed, helping them manage energy costs (54 percent), and manage their energy usage (53 percent).

Replacing light bulbs with LED alternatives (33 percent), using environmentally friendly products (32 percent), reusing plastic carrier bags (32 percent) and going paperless (31 percent) are other steps that small businesses are taking to reduce their impact on the environment. A quarter (27 percent) use eco-friendly or biodegradable packaging, with a further 26 percent making the commitment to become single use plastic free.

Other ways in which small businesses are committing to become more sustainable include turning down the boiler temperature (25 percent), updating their fleet to electric vans and vehicles (24 percent), reducing business travel (23 percent), implementing a work from home policy to reduce commuter miles (23 percent) and changing to a renewable energy supplier (23 percent).

Victoria Bacon, a Director at Smart Energy GB, said: “We can see from the research the kind of steps owners are taking to make their businesses more sustainable, and that they are seeing the benefits.

“Getting a smart meter installed is one small thing small business owners can also do. The data from smart meters can help give owners more control over their business’ energy spend, help them monitor their energy usage and identify where costs savings can be made. By helping them to take steps to be more efficient with their energy use, they can also have a positive effect on a business’ carbon footprint, as well as helping them save money.”

Green-minded small business owners are also pushing their sustainability objectives within their supply lines, with a third (31 percent) only choosing third-party suppliers based on their eco credentials. A further 54 percent hunt out green suppliers wherever they can. One in three (36 percent) prioritise buying goods from local suppliers to limit their product mileage, with over half (56 percent) doing so wherever possible.

Four in ten (43 percent) say that being sustainable has given them a marketing advantage over their non-environmentally friendly competitors, while 25 percent believe that it has given them a financial edge. In fact, 45 percent believe that consumers want to use businesses that are eco-friendly, with a third (31 percent) adamant that people will pay more for a product or service that is sustainable or green.

The positive impact of prioritising green initiatives is not only being felt on the bottom line, however. 41 percent of the 500 SME owners say it has helped attract employees, with almost half (45 percent) encouraging their workforce to get involved with sustainability efforts through dedicated training sessions. A further 49 percent ask employees to do their bit informally.

WHAT SMALL BUSINESS OWNERS ARE DOING TO SAVE CASH AND HELP THE ENVIRONMENT:","[SCIENCE,EPU_ECONOMY_HISTORIC,TAX_FNCACT,TAX_FNCACT_DECISION_MAKERS,UNGP_FORESTS_RIVERS_OCEANS,WB_281_ICT_INDUSTRY_AND_SERVICES,WB_2428_ICT_AND_ENERGY,WB_2122_SMART_ENERGY,WB_2420_ICT_FOR_JOBS,WB_133_INFORMATION_AND_COMMUNICATION_TECHNOLOGIES,USPEC_POLICY1,EPU_POLICY,EPU_POLICY_POLICY,TAX_ECON_PRICE,ENV_GREEN,WB_507_ENERGY_AND_EXTRACTIVES,WB_525_RENEWABLE_ENERGY,TAX_FNCACT_DIRECTOR,ENV_CLIMATECHANGE,UNGP_CLIMATE_CHANGE_ACTION,TAX_FNCACT_EMPLOYEES]",[1#United Kingdom#UK#UK#54#-4#U],[],[smart energ]
12,https://www.987thebull.com/syndicated-article/?id=1578877,Grant Ellis named new ‘Bachelor’,"Grant Ellis is the newest Bachelor looking for love.

The day trader and former pro basketball player from New Jersey was announced as the new Bachelor on Monday night.

“As the Bachelor, Ellis is eager to embark on a journey filled with romance, adventure, and genuine connections,” a press release from ABC Entertainment read. “He hopes to find a partner who shares his values of loyalty, humor and a deep appreciation for life’s simple pleasures.”

Besides being passionate about his career, Ellis, who is a self-proclaimed mama’s boy, also enjoys “cheering on the Lakers, hitting strikes at the bowling alley, or belting out tunes at karaoke nights” during his spare time, per ABC.

Bachelor fans were first introduced to Ellis on Jenn Tran‘s season of The Bachelorette.

The two connected over their mutual attraction for each other and common goals, with Ellis telling Tran during an early group date that he is “on a mission” to start a family.

“I know when I have a family one day, I want to have a super close family,” he told her.

“I’m ready,” he added. “I’m on a mission, and that’s what I want.”

Tran and Ellis also had a romantic beachside horseback riding date in New Zealand, but he ultimately went home during week 6 of season 21.

Ellis will be the star of the 29th season The Bachelor. His season follows Joey Graziadei‘s season, where Graziadei proposed to Kelsey Anderson.

A premiere date for The Bachelor season 29 has not been announced.

Copyright © 2024, ABC Audio. All rights reserved.",[],"[2#New Jersey, United States#US#USNJ#40.314#-74.5089#NJ,1#New Zealand#NZ#NZ#-42#174#N]","[joey graziadei,kelsey anderso]",[]
12,https://news4sanantonio.com/news/local/north-san-antonio-neighborhood-terrorized-after-family-pets-randomly-targeted-and-killed-gun-violence-safety-concerns-blakc-suv,North San Antonio neighborhood terrorized after family pets randomly targeted and killed,"At least two family dogs have been randomly targeted, shot, and killed by strangers, in a northside San Antonio neighborhood, near Olmos Park.

Neighbors told us now, they’re afraid to go outside because they fear their children could be the next victims.

According to neighbors and doorbell camera footage, the car was driving down the neighborhood when the driver slowed down, and the passenger shot and killed Everest.

“Everest would just go sit next to you and just stare at you and then she would put her little paw on you when she knew you were having a bad day. She was really sweet, a super sweet dog,” said Everest’s owner who doesn’t want to be identified due to safety concerns.

The homeowner said the family dog Everest was a huge source of comfort and affection. She wasn’t even two years old when she was killed early Saturday morning on West Mariposa Drive.

Now, the homeowner fears their children could be next.

“It’s scary, it’s really scary that it could be anybody not just Everest or a dog. I fear, what if my babies were on the other side of that fence, what if they missed? What if they hit somebody else?” asked the homeowner.

San Antonio Police Chief William McManus said people have been reporting shots randomly being fired from vehicles.

“We hear about it every community meeting we go to, and unfortunately, the way it's done, it's difficult to catch somebody doing that,” said Chief McManus.

Chief McManus also said he hadn’t heard of animals being targeted, until now.

""This is something new for me. There are people riding around, shooting dogs, and it's a dangerous thing that people are doing, and you know, folks need to be aware of their surroundings and what's happening,"" said Chief McManus.

Chief McManus went on to say detectives are working around the clock to gather video from security cameras to identify the suspects.

Moving forward, Chief McManus asked that if anyone sees anything suspicious, they report it to police, immediately. He said reporting anything that doesn’t seem right, could save a life.","[TAX_WORLDMAMMALS,TAX_WORLDMAMMALS_DOGS,KILL,CRISISLEX_T03_DEAD,EPU_CATS_MIGRATION_FEAR_FEAR,TAX_FNCACT,TAX_FNCACT_CHILDREN,TAX_FNCACT_VICTIMS,CRISISLEX_CRISISLEXREC,CRISISLEX_T08_MISSINGFOUNDTRAPPEDPEOPLE,MANMADE_DISASTER_IMPLIED,TAX_FNCACT_DRIVER,TAX_WORLDMAMMALS_DOG,CRISISLEX_C07_SAFETY,CRISISLEX_T11_UPDATESSYMPATHY,TAX_FNCACT_BABIES,SECURITY_SERVICES,TAX_FNCACT_POLICE,TAX_FNCACT_CHIEF,TAX_FNCACT_POLICE_CHIEF,TAX_FNCACT_DETECTIVES]","[3#Olmos Park, Texas, United States#US#USTX#29.4788#-98.4875#1343270,3#San Antonio, Texas, United States#US#USTX#29.4241#-98.4936#138095]",[william mcmanu],[san antonio polic]
12,http://usa.chinadaily.com.cn/a/202408/12/WS66b99a4fa3104e74fddb98f0.html,Northeast China's petrochemical industry upgraded,"The petrochemical industry in Northeast China is a key part of the region's traditional industrial base. The industry has been restructuring to reduce its reliance on oil processing while increasing the production of chemicals and specialty products. By extending and strengthening its value chain, the industry is making steady progress towards high-quality development.","[EPU_CATS_REGULATION,WB_678_DIGITAL_GOVERNMENT,WB_670_ICT_SECURITY,WB_2372_AUTHENTICATION_AND_AUTHORIZATION,WB_133_INFORMATION_AND_COMMUNICATION_TECHNOLOGIES]",[1#China#CH#CH#35#105#C],[],[china daily information c]
12,https://foxbaltimore.com/station/share/charlamagne-tha-god-says-trumps-chat-with-musk-shows-why-he-resonates-with-many-the-breakfast-club-lenard-mckelvey-elon-musk-donald-trump-x-spaces-politics-2024-election-border-immigration-economy-inflation,Charlamagne tha God says Trump's chat with Musk shows why he 'resonates' with many,"Radio host Charlamagne tha God on Tuesday said former President Donald Trump’s X conference with Elon Musk showed why he resonates with some Americans.

The radio host, whose legal name is Lenard McKelvey, claimed Trump in the interview discussed issues that people care about.

I heard them talk about the border extensively, and I heard them talk about the economy extensively,” McKelvey noted. “And that is why Trump resonates with so many people, because he’s speaking to the issues, and those are the two major issues.”

Trump told Musk some U.S. immigration levels were the “worst numbers in the history of the world” and echoed his past claims that the Biden administration has let dangerous people into the country.

“I believe it’s over 20 million people came into our country, many coming from jails, from prisons, from mental institutions, or a bigger version of that is insane asylums, and many are terrorists,” the former president said.

It’s unclear exactly what immigration statistics Trump was referring to. Since October, Border Patrol has stopped 14,000 people with criminal convictions, according to . Since October of 2020, the agency says it has stopped 52,058 people.

READ MORE |

The former president also called the Biden administration “stupid” for its handling of the economy, pointing to an inflation rate that is higher than it was in 2020.

“The people wanna hear about the economy, and the fact they can’t buy groceries because they don’t have enough money to buy groceries. The inflation has killed them,” Trump said.

A Gallup conducted last month shows that 19% of Americans said immigration was the most important problem facing the country. Thirteen-percent believed the economy in general was. Only ""the government/poor leadership"" was picked by more respondents.

“Those are the two major issues,” McKelvey said. “Folks don’t care about all that other stuff as long as what they care about is being addressed. People want to know how they going to have more money in their pocket and how they going to feel safe.”

Have questions, concerns or tips? Send them to Ray at .","[MEDIA_MSM,LEADER,TAX_FNCACT,TAX_FNCACT_PRESIDENT,USPEC_POLITICS_GENERAL1,TAX_ETHNICITY,TAX_ETHNICITY_AMERICANS,BORDER,USPEC_POLICY1,EPU_ECONOMY,EPU_ECONOMY_HISTORIC,IMMIGRATION,WB_2670_JOBS,WB_2769_JOBS_STRATEGIES,WB_2837_IMMIGRATION,WB_2836_MIGRATION_POLICIES_AND_JOBS,EPU_CATS_MIGRATION_FEAR_MIGRATION,SOC_POINTSOFINTEREST,SOC_POINTSOFINTEREST_JAILS,SOC_POINTSOFINTEREST_PRISONS,WB_2495_DETENTION_PRISON_AND_CORRECTIONS_REFORM,WB_2470_PEACE_OPERATIONS_AND_CONFLICT_MANAGEMENT,WB_2432_FRAGILITY_CONFLICT_AND_VIOLENCE,WB_2490_NATIONAL_PROTECTION_AND_SECURITY,TERROR,ARMEDCONFLICT,TAX_FNCACT_CRIMINAL,IDEOLOGY,ECON_INFLATION,WB_1104_MACROECONOMIC_VULNERABILITY_AND_DEBT,WB_442_INFLATION,KILL,CRISISLEX_T03_DEAD,UNGP_FORESTS_RIVERS_OCEANS,GENERAL_GOVERNMENT,EPU_POLICY,EPU_POLICY_GOVERNMENT]",[1#United States#US#US#39.828175#-98.5795#U],"[lenard mckelvey,elon mus]",[]
12,https://toronto.citynews.ca/2024/08/13/final-chapter-of-freedom-convoy-organizers-trial-begins-with-closing-arguments/,‘They crossed the line’: Crown in closing arguments for ‘Freedom Convoy’ organizers,"OTTAWA — Two prominent “Freedom Convoy” organizers “crossed the line” into criminal activity when they led a massive demonstration to Ottawa in 2022 and refused to leave, the Crown said in its final submissions on their criminal trial Tuesday.

Tamara Lich and Chris Barber were among several organizers who brought a huge number of demonstrators and big-rig trucks to Ottawa two years ago to protest pandemic-era public health restrictions and vaccine mandates.

Protesters flooded into the capital in 2022 at the tail end of the omicron wave of the COVID-19 pandemic and stayed in Ottawa for three weeks, blocking downtown roads around Parliament Hill with vehicles, blaring horns at all hours, blasting music over loudspeakers and setting off fireworks in the street.

The two organizers are co-accused of mischief, intimidation and several charges related to counselling others to break the law for their role in the demonstration.

Barber is also charged with counselling others to disobey a court order.

The noise, congestion, smells, scale and duration of the convoy all put it outside of the “spectrum of what could be considered a lawful protest,” Crown lawyer Siobhain Wetscher told the crowded courtroom on Tuesday.

She referred to several other cases related to the “Freedom Convoy,” and while not all have resulted in convictions, she said “not a single decision characterized the convoy as a lawful demonstration.”

The Crown’s case turns on whether Lich and Barber bear responsibility for the demonstration at large.

Wetscher also argued the two conspired in lockstep to organize an illegal protest and that evidence against one of them should apply to both.

The defence is expected to offer its closing arguments later this week. Lich and Barber’s lawyers have argued throughout the trial that organizing a protest is not an illegal activity and is protected under the Canadian Charter of Rights and Freedoms.

Lich arrived at the Ottawa courthouse to some fanfare from a small gathering of supporters who chanted “Freedom” as she made her way inside.

The final chapter of the trial comes nearly a year after it first began. It was originally scheduled to last only 16 days in September 2023, but it has been plagued with delays over the disclosure of evidence, lengthy legal arguments and scarce court time.

The court heard from downtown Ottawa residents, police officers, and even the protesters themselves by way of social media posts they recorded during the protest.

The Crown argues Lich and Barber exerted influence over the crowd that stayed in Ottawa even as police tried to get them to leave. The group said it would stay to put pressure on governments to lift vaccine mandates.

“It’s all about group pressure,” said Tim Radcliffe, co-counsel for the Crown.

He described Lich and Barber as “metaphorically standing shoulder-to-shoulder with those on the ground, exerting pressure on the residents of downtown Ottawa … to achieve a public policy end.”

Justice Heather Perkins-McVey interjected with several questions and comments throughout the arguments, and challenged the Crown’s assertion that the purpose and the goals of the protest are beyond dispute.

Wetscher described several examples of Lich and Barber instructing protesters to “hold the line,” even as police prepared to launch a massive operation to put a stop to the demonstration.

“We have videos of the police saying ‘hold the line,'” countered Perkins-McVey, to laughs and nods of approval from the supporters of the accused in the courtroom gallery.

“That phrase in and of itself … is used in different contexts at different times.”

The court has scheduled three days to hear the final arguments in the case, as well as several extra days next week in case they go long.

“We will have ample time to ensure we are completed by next week,” Perkins-McVey said.

This report by The Canadian Press was first published Aug. 13, 2024.

Laura Osman, The Canadian Press","[TAX_FNCACT,TAX_FNCACT_CRIMINAL,TRIAL,TAX_FNCACT_ORGANIZERS,TAX_WORLDLANGUAGES,TAX_WORLDLANGUAGES_TAMARA,TAX_FNCACT_BARBER,TAX_FNCACT_LAWYERS,PROTEST,TAX_FNCACT_DEMONSTRATORS,GENERAL_HEALTH,MEDICAL,WB_635_PUBLIC_HEALTH,WB_621_HEALTH_NUTRITION_AND_POPULATION,HEALTH_VACCINATION,WB_642_CHILD_HEALTH,WB_1459_IMMUNIZATIONS,WB_639_REPRODUCTIVE_MATERNAL_AND_CHILD_HEALTH,UNGP_HEALTHCARE,DELAY,USPEC_UNCERTAINTY1,LEGISLATION,EPU_POLICY,EPU_POLICY_LAW,TAX_ETHNICITY,TAX_ETHNICITY_CANADIAN]","[4#Ottawa, Ontario, Canada#CA#CA08#45.4167#-75.7#-570760,1#Canada#CA#CA#60#-96#C]",[chris barbe],[]